customerId;firstName;lastName;contact;email;status;dob;gender;createdAt
1;"Stone";"Aguilar";"16611128 7634";"tortor.at.risus@loremtristique.com";"N";"1986-10-02";"m";"2021-06-13 10:40:53"
2;"Wang";"Silva";"16840311 3999";"diam@facilisisegetipsum.co.uk";"Y";"1986-10-02";"m";"2022-07-14 06:05:38"
3;"Ivan";"Willis";"16070425 6072";"in.cursus.et@lacusCrasinterdum.edu";"Y";"1986-10-02";"f";"2022-03-02 23:53:43"
4;"Deacon";"Barker";"16741113 5762";"neque.venenatis@turpisegestasFusce.net";"N";"1986-10-02";"f";"2021-08-12 20:16:34"
5;"Zelenia";"Emerson";"16610124 6129";"enim.commodo@Nunc.edu";"N";"1986-10-02";"f";"2021-10-15 01:35:13"
6;"Nash";"Pugh";"16600328 6074";"ut.ipsum@sempercursusInteger.co.uk";"Y";"1986-10-02";"m";"2021-09-05 03:59:15"
7;"Hayes";"Moran";"16130616 7006";"orci.adipiscing.non@imperdieteratnonummy.ca";"Y";"1986-10-02";"f";"2020-12-21 10:59:38"
8;"Holmes";"Meyers";"16070526 6013";"penatibus.et.magnis@hendreritDonecporttitor.co.uk";"Y";"1986-10-02";"m";"2020-12-30 11:16:57"
9;"Kaye";"Caldwell";"16800111 1569";"feugiat.tellus.lorem@vitaealiquameros.com";"N";"1986-10-02";"m";"2021-01-26 02:39:36"
10;"Warren";"Conway";"16680104 3701";"Morbi.sit@Nullam.co.uk";"N";"1986-10-02";"f";"2022-04-08 06:44:46"
11;"Allegra";"Mcpherson";"16540228 1512";"Suspendisse@nunc.ca";"Y";"1986-10-02";"m";"2020-12-09 17:17:11"
12;"Hop";"Armstrong";"16890403 6327";"Vestibulum.accumsan@seddictumeleifend.ca";"N";"1986-10-02";"f";"2020-09-11 01:59:21"
13;"Hannah";"Wall";"16700322 3984";"Nulla@semperrutrumFusce.net";"N";"1986-10-02";"f";"2021-01-18 00:39:32"
14;"Abdul";"Lancaster";"16701123 5574";"rutrum.lorem.ac@Quisque.net";"Y";"1986-10-02";"m";"2022-08-16 03:02:11"
15;"Dennis";"Hardy";"16871107 5823";"pede@ultricesiaculisodio.co.uk";"Y";"1986-10-02";"f";"2022-04-07 18:39:28"
16;"Emi";"Mullins";"16970623 2320";"In.ornare@mienimcondimentum.ca";"N";"1986-10-02";"f";"2022-08-21 15:09:38"
17;"Allen";"Maynard";"16760824 1043";"enim.nisl@tincidunt.net";"N";"1986-10-02";"m";"2021-03-05 08:51:28"
18;"Melodie";"Boyer";"16640303 1534";"sit.amet.luctus@Aliquamauctorvelit.net";"N";"1986-10-02";"f";"2021-02-15 12:42:45"
19;"Kermit";"Bird";"16230719 3884";"malesuada@pharetra.net";"N";"1986-10-02";"f";"2022-01-18 20:17:38"
20;"Tanek";"Rogers";"16360315 8985";"lorem.sit@Maurisutquam.org";"Y";"1986-10-02";"f";"2021-12-29 05:07:52"
21;"Regina";"Tanner";"16710106 9941";"dui.Fusce.aliquam@amalesuada.edu";"Y";"1986-10-02";"m";"2022-04-22 16:13:24"
22;"Cara";"Singleton";"16461029 8889";"Morbi.quis.urna@sitamet.org";"Y";"1986-10-02";"m";"2022-05-22 03:38:47"
23;"Brendan";"Schneider";"16000520 4763";"risus.Nulla.eget@Proinvel.edu";"N";"1986-10-02";"f";"2020-11-15 02:16:41"
24;"Reece";"Finch";"16581216 8796";"lobortis@dictumcursusNunc.org";"N";"1986-10-02";"f";"2021-01-24 16:28:02"
25;"Keiko";"Browning";"16730227 5784";"magnis.dis.parturient@sodalesMauris.org";"Y";"1986-10-02";"m";"2022-02-01 03:53:43"
26;"Chandler";"Russell";"16681001 9999";"amet.luctus.vulputate@ligula.edu";"Y";"1986-10-02";"f";"2020-09-28 16:42:49"
27;"Keaton";"Terry";"16690903 3315";"lacinia@nunc.edu";"N";"1986-10-02";"f";"2021-05-07 06:50:41"
28;"Cooper";"Mendoza";"16810417 7004";"tristique.aliquet@Suspendisseacmetus.co.uk";"Y";"1986-10-02";"f";"2021-05-25 14:04:11"
29;"Preston";"Rivas";"16940212 5562";"vulputate.risus@ornare.edu";"N";"1986-10-02";"f";"2021-08-01 18:30:52"
30;"Thane";"Vincent";"16120903 3255";"sit.amet.dapibus@semmollisdui.edu";"N";"1986-10-02";"m";"2022-03-20 15:47:22"
31;"Stella";"Norris";"16610625 7212";"Sed.auctor@sit.com";"Y";"1986-10-02";"m";"2021-06-17 21:47:02"
32;"Jamal";"Vega";"16480523 9441";"Nulla.aliquet@scelerisque.edu";"N";"1986-10-02";"m";"2022-02-22 12:17:02"
33;"Winifred";"Garner";"16740106 4980";"molestie.in@quamdignissimpharetra.ca";"Y";"1986-10-02";"f";"2021-03-28 19:54:41"
34;"Allen";"Becker";"16610604 2549";"convallis.dolor.Quisque@antedictum.co.uk";"N";"1986-10-02";"m";"2021-07-04 23:42:59"
35;"Christen";"Poole";"16971028 0745";"augue@nonenim.net";"Y";"1986-10-02";"f";"2022-07-20 23:20:53"
36;"Dante";"Carney";"16040416 6597";"vel@Nullaegetmetus.co.uk";"Y";"1986-10-02";"f";"2021-11-29 22:45:28"
37;"Stephanie";"Arnold";"16210308 7579";"adipiscing.elit@purusmaurisa.ca";"Y";"1986-10-02";"m";"2020-09-26 21:33:22"
38;"Charde";"Mills";"16281130 0876";"tempor.lorem.eget@eros.co.uk";"Y";"1986-10-02";"m";"2022-08-08 00:37:25"
39;"Len";"Morse";"16430809 6066";"neque@elit.net";"Y";"1986-10-02";"m";"2022-08-12 17:59:18"
40;"Nigel";"Mcfadden";"16781224 7455";"felis.ullamcorper@nonummy.co.uk";"N";"1986-10-02";"f";"2021-10-21 23:55:08"
41;"Brent";"Thomas";"16810418 0537";"ipsum.primis.in@aduiCras.co.uk";"Y";"1986-10-02";"f";"2020-10-26 03:54:41"
42;"Priscilla";"Wyatt";"16010411 1307";"Class@adipiscing.org";"N";"1986-10-02";"m";"2021-04-21 12:37:00"
43;"Chava";"Hill";"16880303 3284";"lectus.Cum.sociis@etmagna.org";"Y";"1986-10-02";"f";"2022-07-13 01:23:15"
44;"Plato";"Holcomb";"16960605 3750";"tempor@ornaretortorat.co.uk";"Y";"1986-10-02";"f";"2021-03-27 01:52:47"
45;"Noelani";"Gallagher";"16970403 5659";"ornare.egestas@vitaerisus.ca";"Y";"1986-10-02";"f";"2021-07-17 00:54:05"
46;"Lysandra";"Duncan";"16020918 6964";"dictum@Etiam.edu";"N";"1986-10-02";"f";"2020-09-20 11:16:36"
47;"Steel";"Cruz";"16130612 0419";"Morbi.quis.urna@fringilla.org";"Y";"1986-10-02";"m";"2022-01-11 07:07:09"
48;"Orlando";"Webb";"16410712 2642";"Aenean.massa@imperdiet.net";"N";"1986-10-02";"m";"2022-01-29 15:49:24"
49;"Cullen";"Dunlap";"16420507 9017";"molestie.in@egetvarius.ca";"Y";"1986-10-02";"m";"2020-11-15 08:30:51"
50;"Summer";"Knight";"16571121 5185";"montes.nascetur.ridiculus@laoreet.net";"N";"1989-11-02";"m";"2022-04-30 18:28:41"
51;"Stacy";"Langley";"16461122 0247";"urna.Nunc.quis@urnaetarcu.co.uk";"N";"1989-11-02";"m";"2021-06-01 03:28:34"
52;"Kamal";"Mclaughlin";"16040515 8353";"senectus.et@Curabitur.org";"N";"1989-11-02";"m";"2021-07-05 15:22:57"
53;"Lael";"Pollard";"16771203 3963";"magna@tincidunt.ca";"N";"1989-11-02";"m";"2022-06-25 10:48:04"
54;"Grady";"Haynes";"16570306 2876";"tortor.Nunc.commodo@enim.ca";"Y";"1989-11-02";"m";"2022-01-12 06:45:32"
55;"Curran";"Garza";"16940507 1789";"Nam@lacusEtiambibendum.ca";"Y";"1989-11-02";"m";"2022-07-07 12:58:04"
56;"Bethany";"Randall";"16050612 7687";"tellus.faucibus@Pellentesque.net";"Y";"1989-11-02";"m";"2021-11-07 21:34:36"
57;"Tatum";"Daniels";"16040129 8310";"justo.eu@nisiCumsociis.com";"Y";"1989-11-02";"f";"2021-02-14 11:28:59"
58;"Tanner";"Hoffman";"16680325 4975";"urna.suscipit@erat.co.uk";"Y";"1989-11-02";"m";"2021-10-27 23:14:49"
59;"Wanda";"Guerrero";"16490303 9560";"non@ipsumdolor.com";"N";"1989-11-02";"m";"2021-10-04 21:54:01"
60;"Quail";"Mosley";"16161224 1826";"lectus.a.sollicitudin@elitdictumeu.ca";"N";"1989-11-02";"m";"2022-07-14 18:20:00"
61;"Dara";"Roth";"16870730 4294";"tempor.lorem@enimnisl.edu";"Y";"1989-11-02";"f";"2020-11-21 12:46:44"
62;"Xandra";"Downs";"16590603 4102";"ac@aduiCras.ca";"Y";"1989-11-02";"f";"2021-10-18 10:24:58"
63;"Nigel";"Maddox";"16220714 1785";"eu.tellus@Duiscursus.edu";"Y";"1989-11-02";"m";"2021-02-18 11:24:38"
64;"Vanna";"Holland";"16000929 7524";"vitae@enimCurabiturmassa.net";"Y";"1989-11-02";"m";"2020-12-23 03:40:37"
65;"Coby";"Rowland";"16630428 0172";"pede@ante.edu";"N";"1989-11-02";"f";"2021-10-24 05:47:26"
66;"Eleanor";"Kim";"16051226 7774";"odio@massaInteger.ca";"N";"1989-11-02";"f";"2021-09-26 00:34:03"
67;"Jackson";"Jones";"16181210 5193";"porttitor.interdum.Sed@massa.org";"Y";"1989-11-02";"f";"2021-09-13 18:46:23"
68;"Fitzgerald";"Lopez";"16781205 6112";"erat@nibhQuisquenonummy.net";"N";"1989-11-02";"f";"2021-06-17 13:01:40"
69;"Eaton";"Carson";"16620927 3272";"consectetuer.ipsum@molestiesodalesMauris.ca";"Y";"1989-11-02";"f";"2022-02-11 12:19:01"
70;"Malcolm";"Casey";"16080221 4791";"Pellentesque@utcursus.ca";"Y";"1989-11-02";"m";"2022-02-24 15:30:53"
71;"Kevin";"Kidd";"16890611 1953";"sit.amet.risus@penatibuset.com";"N";"1996-10-02";"f";"2021-12-09 03:35:12"
72;"Preston";"Hutchinson";"16930216 9025";"egestas@tristiquesenectus.net";"Y";"1996-10-02";"m";"2022-09-08 08:26:59"
73;"Daniel";"Bush";"16510409 7596";"nulla.Integer@nonleo.org";"Y";"1996-10-02";"m";"2020-10-17 10:49:28"
74;"Lunea";"Estrada";"16550127 7874";"dolor@nisimagna.co.uk";"N";"1996-10-02";"f";"2021-04-29 04:16:24"
75;"Lewis";"Rose";"16660412 5515";"dolor.quam@tristique.ca";"Y";"1996-10-02";"f";"2022-01-20 10:27:26"
76;"Joan";"Padilla";"16920429 8625";"eget@loremvitae.ca";"N";"1996-10-02";"f";"2022-07-08 15:33:53"
77;"Vivien";"Holloway";"16000127 1196";"in.cursus.et@adipiscingnonluctus.ca";"N";"1996-10-02";"m";"2021-08-11 23:20:55"
78;"Melyssa";"Wong";"16950901 9767";"sociis.natoque.penatibus@facilisis.edu";"Y";"1996-10-02";"f";"2021-06-15 15:53:00"
79;"Jeanette";"Mcmillan";"16310812 3674";"dolor@mollislectus.net";"N";"1996-10-02";"f";"2022-04-26 10:16:50"
80;"Graiden";"Daniels";"16881122 3117";"ornare.sagittis@musProinvel.net";"N";"1996-10-02";"m";"2021-08-31 17:23:38"
81;"Odette";"Jacobs";"16041119 6488";"Ut@liberolacus.org";"N";"1996-10-02";"f";"2022-03-23 01:41:41"
82;"Palmer";"Watkins";"16570613 8269";"pede.Cras.vulputate@necquam.com";"N";"1996-10-02";"m";"2022-01-01 05:09:46"
83;"Brynne";"Downs";"16940627 6197";"risus@quisturpisvitae.com";"Y";"1996-10-02";"m";"2020-12-13 07:10:57"
84;"Illiana";"Odom";"16480327 9886";"a.dui.Cras@ante.co.uk";"N";"1996-10-02";"f";"2021-07-04 06:30:52"
85;"Lenore";"Schneider";"16330709 7992";"sit@consectetueradipiscingelit.edu";"Y";"1996-10-02";"f";"2021-12-24 03:20:29"
86;"Jack";"Odonnell";"16020205 9879";"vitae.aliquet@lacinia.edu";"Y";"1996-10-02";"f";"2021-08-09 05:01:33"
87;"Mark";"Harris";"16030710 7763";"Donec.elementum.lorem@auctorvitae.ca";"Y";"1996-10-02";"m";"2021-06-30 17:07:50"
88;"Leo";"Walsh";"16900601 4964";"sem@dolorsit.edu";"N";"1996-10-02";"f";"2022-06-25 15:16:46"
89;"Mari";"Ochoa";"16460807 9960";"neque.sed.dictum@ante.ca";"N";"1996-10-02";"f";"2021-09-04 20:23:21"
90;"Lilah";"Freeman";"16770208 4661";"ultrices.Duis.volutpat@nonquamPellentesque.ca";"N";"1970-01-12";"m";"2021-11-17 06:47:43"
91;"Geoffrey";"Davenport";"16320507 1156";"venenatis.lacus.Etiam@liberoIntegerin.org";"Y";"1970-01-12";"f";"2021-04-10 03:47:48"
92;"Micah";"Fitzpatrick";"16521114 3846";"Fusce.feugiat@ProindolorNulla.co.uk";"Y";"1970-01-12";"f";"2021-09-07 05:20:28"
93;"MacKensie";"Neal";"16921109 2987";"nec@diam.org";"N";"1970-01-12";"f";"2021-01-05 21:41:39"
94;"Cadman";"Swanson";"16450607 1929";"dolor.egestas@ProinultricesDuis.ca";"Y";"1970-01-12";"m";"2021-02-09 18:34:44"
95;"Dennis";"Swanson";"16730423 2338";"ipsum.primis@magnatellus.co.uk";"Y";"1970-01-12";"f";"2020-11-28 04:33:51"
96;"Amery";"Wooten";"16990817 2233";"sed@nonummyutmolestie.ca";"Y";"1970-01-12";"f";"2022-06-21 09:33:44"
97;"Matthew";"Bridges";"16990311 4081";"Aliquam.ornare@Namnulla.ca";"N";"1970-01-12";"m";"2021-03-06 15:10:39"
98;"Avye";"Bennett";"16010920 5062";"mi.pede.nonummy@et.edu";"Y";"1970-01-12";"f";"2021-11-16 17:09:34"
99;"Skyler";"Cotton";"16350706 9387";"quis.massa@ametconsectetueradipiscing.com";"Y";"1970-01-12";"m";"2021-02-05 04:38:42"
100;"Michael";"Hicks";"16380205 1288";"vel@necenim.com";"Y";"1970-01-12";"m";"2022-08-23 03:42:06"
