_id,avg_rating,contact,currentDelivery.city,currentDelivery.houseNumber,currentDelivery.locationId,currentDelivery.state,currentDelivery.streetName,currentDelivery.streetNumber,dob,firstName,gender,lastName,locationId,status,vehicle.type,vehicle.vehicleNumber
1,null,16020612 1568,Bangkok,79,22,AST,"P.O. Box 274, 6434 Habitant Avenue",48118-081,1989-11-19T08:00:00.000Z,Roth,m,Mcdaniel,22,N,4 Wheeler,53806333899
2,2,16540907 3227,Bangkok,626,82,Berlin,Ap #713-4020 Consectetuer Avenue,1629 LS,1990-08-27T07:00:00.000Z,Madonna,f,Rosales,82,Y,Cycle,36795610699
3,null,16030213 6973,Bangkok,247,76,North Island,282-2881 Morbi Av.,62245-041,1990-05-30T07:00:00.000Z,Rashad,f,Petty,76,N,2 Wheeler,58950189099
4,null,16181108 4308,Bangkok,416,24,NI,2382 Leo. Road,98800,1997-04-05T08:00:00.000Z,Allegra,m,Huber,24,Y,2 Wheeler,86643929999
5,5,16981002 9067,Bangkok,423,45,MI,"P.O. Box 296, 6294 Pellentesque Rd.",01251,1977-03-20T08:00:00.000Z,Jenna,f,Donaldson,45,Y,4 Wheeler,80434680099
6,4,16780519 0084,Bangkok,801,5,Yukon,"Ap #636-7151 Ut, Avenue",426059,1992-04-04T08:00:00.000Z,Grady,m,Howe,5,N,4 Wheeler,99855580599
7,2,16070217 5183,Bangkok,669,26,Maule,"P.O. Box 251, 2655 Purus Ave",5209,1993-05-26T07:00:00.000Z,Jaime,f,Lang,26,N,4 Wheeler,11458218499
8,null,16990819 4112,Bangkok,515,97,Pays de la Loire,Ap #854-1503 Urna Rd.,Z7754,1997-05-31T07:00:00.000Z,Zelenia,f,Puckett,97,N,2 Wheeler,61493297799
9,null,16340408 4364,Bangkok,659,41,ST,"P.O. Box 641, 6168 Risus. Avenue",988856,1979-06-12T07:00:00.000Z,August,f,Juarez,41,N,4 Wheeler,50314398899
10,4,16500814 4312,Bangkok,801,5,Yukon,"Ap #636-7151 Ut, Avenue",426059,1988-04-18T07:00:00.000Z,Chester,f,Sawyer,5,N,4 Wheeler,12506799599
11,null,16901112 6316,Bangkok,934,28,Wiltshire,109-2313 Sed Road,BS9L 2YQ,1976-12-09T08:00:00.000Z,Ava,f,Boyle,28,Y,2 Wheeler,53943464799
12,5,16720401 9686,Bangkok,80,40,AB,"P.O. Box 447, 6007 Sem. Ave",3304,1989-03-10T08:00:00.000Z,Hilel,f,Lang,40,Y,Cycle,27519084599
13,3,16450420 9695,Bangkok,738,53,Wie,"P.O. Box 213, 2256 Aliquam Rd.",495021,1981-03-07T08:00:00.000Z,Jocelyn,f,Graham,53,N,4 Wheeler,14499973499
14,4,16220826 0881,Bangkok,155,55,Noord Brabant,Ap #383-9931 Tincidunt Rd.,67077-66043,1981-03-17T08:00:00.000Z,Jessica,f,Perez,55,N,4 Wheeler,59966513599
15,3,16200216 6623,Bangkok,899,77,Novgorod Oblast,955-2368 Ac Rd.,V1E 8G7,1987-02-06T08:00:00.000Z,Hiram,m,Emerson,77,N,4 Wheeler,10552474399
16,null,16580120 9288,Bangkok,141,6,Gelderland,"P.O. Box 873, 291 Enim Road",60315,1994-06-25T07:00:00.000Z,Chester,m,Bowman,6,N,4 Wheeler,2998139499
17,4.5,16121017 7919,Bangkok,880,42,NB,"P.O. Box 446, 7626 Volutpat. Street",19507,1996-05-13T07:00:00.000Z,Guinevere,f,Gaines,42,N,4 Wheeler,4698611199
18,4,16780406 7549,Bangkok,626,82,Berlin,Ap #713-4020 Consectetuer Avenue,1629 LS,1981-05-26T07:00:00.000Z,Brenden,f,Rutledge,82,N,2 Wheeler,14266997399
19,4.5,16620510 9751,Bangkok,496,1,Saskatchewan,1864 Rutrum. Street,73432-706,1993-08-22T07:00:00.000Z,Derek,f,Horne,1,Y,2 Wheeler,32629161599
20,3,16390819 3059,Bangkok,895,100,Västra Götalands län,1846 In Street,54785,1994-04-04T07:00:00.000Z,Linda,f,Padilla,100,Y,4 Wheeler,15737219599
21,1,16750314 3070,Bangkok,126,81,BR,"P.O. Box 876, 9988 Nunc Road",50256-607,1989-03-05T08:00:00.000Z,Addison,f,Torres,81,Y,Cycle,28359617199
22,null,16040401 8160,Bangkok,626,82,Berlin,Ap #713-4020 Consectetuer Avenue,1629 LS,1997-02-28T08:00:00.000Z,Josiah,f,Delgado,82,N,4 Wheeler,29997617799
23,null,16881030 5782,Bangkok,125,50,Mazowieckie,463-1310 Facilisis Rd.,41252-83023,1992-07-07T07:00:00.000Z,Jakeem,m,Jacobson,50,Y,Cycle,11346222599
24,3,16540219 6462,Bangkok,669,26,Maule,"P.O. Box 251, 2655 Purus Ave",5209,1991-09-14T07:00:00.000Z,Alvin,m,Griffin,26,Y,2 Wheeler,34581563999
25,null,16850421 8648,Bangkok,61,25,ULY,Ap #148-5889 Fermentum Av.,704323,1997-10-12T07:00:00.000Z,Whoopi,f,Duncan,25,N,4 Wheeler,38288187699
26,null,16511221 2393,Bangkok,223,85,Papua,652-9534 Libero. Ave,0844 GB,1995-07-16T07:00:00.000Z,Logan,m,Nieves,85,N,4 Wheeler,38597344399
27,null,16811028 5072,Bangkok,224,18,AK,408-9041 Mauris Avenue,8587 UU,2000-04-18T07:00:00.000Z,Berk,f,Good,18,Y,Cycle,79340680599
28,4,16550320 2953,Bangkok,349,57,SK,3511 Tempor St.,51817,1991-05-13T07:00:00.000Z,Roanna,f,Espinoza,57,N,Cycle,50813115699
29,2,16720221 0733,Bangkok,682,20,WA,342-2255 Sed Rd.,11997-41622,1979-05-15T07:00:00.000Z,Dahlia,f,Pena,20,Y,4 Wheeler,5580552899
30,2,16761119 8628,Bangkok,801,5,Yukon,"Ap #636-7151 Ut, Avenue",426059,1997-10-02T07:00:00.000Z,Russell,m,Glass,5,Y,Cycle,20994805899
31,4.5,16150527 0320,Bangkok,176,17,W,"P.O. Box 294, 2275 Sapien. Road",28-710,2000-04-03T07:00:00.000Z,Adam,f,Burch,17,N,Cycle,91772752299
32,3.5,16421003 2878,Bangkok,804,12,Nord-Pas-de-Calais,6233 Suspendisse St.,143351,1995-07-31T07:00:00.000Z,Wylie,m,Duran,12,N,Cycle,92641615199
33,5,16070609 0479,Bangkok,895,100,Västra Götalands län,1846 In Street,54785,1995-06-10T07:00:00.000Z,Hunter,m,Owens,100,N,4 Wheeler,63691713499
34,null,16580528 4147,Bangkok,125,50,Mazowieckie,463-1310 Facilisis Rd.,41252-83023,1998-12-24T08:00:00.000Z,Elijah,m,Sutton,50,N,Cycle,93754523599
35,null,16050122 1576,Bangkok,819,14,AB,Ap #770-3826 Ac St.,H98 4AX,1979-09-05T07:00:00.000Z,Oren,f,Fitzgerald,14,Y,4 Wheeler,62526323299
36,null,16980110 5454,Bangkok,533,86,CA,885-2353 Diam Rd.,70783,1995-05-31T07:00:00.000Z,Scarlett,f,Garrison,86,N,Cycle,98298718599
37,2,16270605 0917,Bangkok,894,13,SO,"P.O. Box 665, 5475 Interdum. St.",19048,1980-11-16T08:00:00.000Z,Nolan,m,Jefferson,13,Y,Cycle,37319085499
38,3.5,16311105 0385,Bangkok,141,6,Gelderland,"P.O. Box 873, 291 Enim Road",60315,1993-01-17T08:00:00.000Z,Burke,f,Kelley,6,N,4 Wheeler,86274886899
39,3,16590324 7822,Bangkok,61,25,ULY,Ap #148-5889 Fermentum Av.,704323,1991-07-12T07:00:00.000Z,Cora,m,Decker,25,N,4 Wheeler,10559924899
40,null,16721013 3232,Bangkok,544,89,Kirov Oblast,Ap #884-5081 Sed St.,31680,1988-10-08T07:00:00.000Z,Harper,f,Perry,89,Y,2 Wheeler,99501436599
41,2,16250421 8740,Bangkok,830,62,Oyo,1816 Habitant St.,2755,1989-06-14T07:00:00.000Z,Pascale,m,Gamble,62,N,4 Wheeler,28680823399
42,2.5,16460920 1753,Bangkok,895,100,Västra Götalands län,1846 In Street,54785,1984-01-06T08:00:00.000Z,Michael,f,Griffith,100,Y,Cycle,23509607599
43,null,16970805 3005,Bangkok,453,16,RP,733-5508 Enim. Rd.,22855,1993-10-26T07:00:00.000Z,Cherokee,m,Lowe,16,Y,2 Wheeler,21249808499
44,null,16000414 5165,Bangkok,691,56,New South Wales,"P.O. Box 597, 7116 Id St.",358350,1994-05-21T07:00:00.000Z,Darryl,m,Mosley,56,N,Cycle,65336058799
45,null,16470214 2565,Bangkok,544,89,Kirov Oblast,Ap #884-5081 Sed St.,31680,1990-03-18T08:00:00.000Z,Martin,f,Singleton,89,N,2 Wheeler,87286691899
46,5,16131020 9877,Bangkok,614,74,Nevada,"Ap #595-4647 Eu, Avenue",88971,1997-06-17T07:00:00.000Z,Alvin,m,Lambert,74,N,2 Wheeler,78441631699
47,3,16240412 4949,Bangkok,247,76,North Island,282-2881 Morbi Av.,62245-041,1993-11-27T08:00:00.000Z,Claire,m,York,76,Y,Cycle,45666371099
48,5,16081211 6267,Bangkok,699,63,ANT,973-8635 Sed Road,24914,1991-10-25T07:00:00.000Z,Cynthia,f,Delacruz,63,Y,Cycle,59490181399
49,null,16730916 9303,Bangkok,453,16,RP,733-5508 Enim. Rd.,22855,1989-12-31T08:00:00.000Z,Kameko,f,Sanford,16,Y,Cycle,65822368699
50,null,16131223 2240,Bangkok,592,49,PB,"Ap #335-7534 Urna, Av.",H9X 2W0,1989-04-25T07:00:00.000Z,Dustin,f,Nichols,49,N,2 Wheeler,44507476799
51,4,16581118 4497,Bangkok,108,15,Kent,576-7611 Nam Rd.,725085,1994-04-10T07:00:00.000Z,Abraham,m,Powers,15,N,2 Wheeler,48530360499
52,3,16381210 1693,Bangkok,894,13,SO,"P.O. Box 665, 5475 Interdum. St.",19048,1993-01-18T08:00:00.000Z,Randall,f,Crosby,13,Y,2 Wheeler,54228823999
53,4,16771006 9258,Bangkok,336,52,Rio de Janeiro,Ap #581-3556 Ullamcorper Street,66030,1984-03-02T08:00:00.000Z,Cheryl,m,Bass,52,N,2 Wheeler,77737893199
54,3.333329916000366,16880930 2592,Bangkok,257,59,DE,1980 Proin Avenue,0634 MT,1991-02-19T08:00:00.000Z,Hop,m,Guy,59,Y,4 Wheeler,1566117599
55,1,16941205 2780,Bangkok,135,54,Maule,"P.O. Box 225, 9913 Quam Avenue",13380,1995-08-20T07:00:00.000Z,Christian,f,Mathews,54,N,4 Wheeler,55380246099
56,null,16480630 1901,Bangkok,936,65,GO,1744 Laoreet Street,41854,1982-05-22T07:00:00.000Z,Paul,m,Gonzales,65,N,2 Wheeler,84858796999
57,1,16841001 3265,Bangkok,496,1,Saskatchewan,1864 Rutrum. Street,73432-706,2000-08-05T07:00:00.000Z,Amela,m,Puckett,1,N,Cycle,18846836699
58,3,16950908 9828,Bangkok,934,28,Wiltshire,109-2313 Sed Road,BS9L 2YQ,1983-01-07T08:00:00.000Z,Hyatt,m,Murphy,28,Y,4 Wheeler,32736219599
59,2.5,16500628 4839,Bangkok,195,29,New South Wales,8226 Nullam Street,06223-025,1986-11-02T08:00:00.000Z,Brielle,f,Flowers,29,Y,4 Wheeler,62842615699
60,null,16390325 0870,Bangkok,713,31,Overijssel,558-1193 Lobortis Av.,55635,1993-04-21T07:00:00.000Z,Beverly,m,Head,31,N,Cycle,1868239399
61,1.5,16270326 3778,Bangkok,830,62,Oyo,1816 Habitant St.,2755,1979-12-26T08:00:00.000Z,Baxter,f,Head,62,N,4 Wheeler,5663593999
62,null,16980609 4133,Bangkok,610,43,Ada,690-9023 Donec St.,9492,1999-09-13T07:00:00.000Z,Willow,m,Valdez,43,N,4 Wheeler,90537848599
63,null,16330320 6092,Bangkok,722,99,Gävleborgs län,"8477 Nec, Rd.",209979,1994-11-22T08:00:00.000Z,Fleur,m,Perkins,99,Y,4 Wheeler,94536327399
64,4,16331201 4545,Bangkok,802,35,BA,Ap #991-3175 Tristique St.,905574,1987-08-06T07:00:00.000Z,Mufutau,m,Hurley,35,N,4 Wheeler,53207466899
65,2.666670083999634,16031129 3534,Bangkok,141,6,Gelderland,"P.O. Box 873, 291 Enim Road",60315,1986-01-14T08:00:00.000Z,Amery,m,Wagner,6,Y,2 Wheeler,94467774499
66,1,16710202 8003,Bangkok,61,25,ULY,Ap #148-5889 Fermentum Av.,704323,1995-04-24T07:00:00.000Z,Dora,m,Reilly,25,N,Cycle,25779698699
67,3,16531224 1515,Bangkok,801,5,Yukon,"Ap #636-7151 Ut, Avenue",426059,1984-03-30T08:00:00.000Z,Farrah,f,Berger,5,Y,Cycle,19535566199
68,5,16180123 9177,Bangkok,242,51,Bolívar,9746 Erat Street,9356,1992-11-21T08:00:00.000Z,Tucker,f,Golden,51,N,4 Wheeler,28726839799
69,3,16470113 6618,Bangkok,336,52,Rio de Janeiro,Ap #581-3556 Ullamcorper Street,66030,1998-12-03T08:00:00.000Z,Yael,m,Chaney,52,Y,4 Wheeler,86767323599
70,4,16741111 9980,Bangkok,563,88,WB,368-2339 Orci Av.,6936,1976-10-31T07:00:00.000Z,Carson,m,Silva,88,Y,Cycle,88498794699
71,4,16990925 4220,Bangkok,804,12,Nord-Pas-de-Calais,6233 Suspendisse St.,143351,1976-08-10T07:00:00.000Z,Nerea,f,Holt,12,Y,2 Wheeler,37484043499
72,null,16600710 5585,Bangkok,692,83,MUR,"P.O. Box 923, 1320 Interdum Ave",32886,1978-01-22T08:00:00.000Z,Theodore,f,Hubbard,83,Y,4 Wheeler,73983777499
73,2,16350308 2095,Bangkok,219,64,Saarland,318-3243 Quam. Ave,78131,1996-09-07T07:00:00.000Z,Leandra,f,Pollard,64,N,Cycle,54630661399
74,null,16441102 4500,Bangkok,894,13,SO,"P.O. Box 665, 5475 Interdum. St.",19048,1984-11-02T08:00:00.000Z,Stacy,m,Walsh,13,N,4 Wheeler,34345144299
75,null,16460202 7445,Bangkok,659,68,Manitoba,Ap #171-8877 Nunc Av.,06743,2000-03-26T08:00:00.000Z,Channing,f,Hester,68,Y,Cycle,56798712299
76,4.5,16040313 5551,Bangkok,219,64,Saarland,318-3243 Quam. Ave,78131,1984-08-22T07:00:00.000Z,Aimee,f,Klein,64,N,Cycle,24426971799
77,null,16640424 5406,Bangkok,804,12,Nord-Pas-de-Calais,6233 Suspendisse St.,143351,1978-05-05T07:00:00.000Z,Quyn,m,Charles,12,N,Cycle,82349351999
78,null,16430725 8758,Bangkok,446,84,Metropolitana de Santiago,352 Ligula. Street,35717,1977-05-30T07:00:00.000Z,Mara,m,Marquez,84,Y,Cycle,44876606599
79,1,16041102 3633,Bangkok,416,24,NI,2382 Leo. Road,98800,1984-01-21T08:00:00.000Z,Julian,f,Ball,24,N,Cycle,28967493899
80,null,16810809 8958,Bangkok,614,74,Nevada,"Ap #595-4647 Eu, Avenue",88971,1995-11-13T08:00:00.000Z,Maya,f,Moses,74,N,Cycle,13276477799
81,null,16820416 9281,Bangkok,955,30,Sindh,731-4317 Magna. Avenue,03372,1995-07-11T07:00:00.000Z,Amos,f,Mendez,30,N,4 Wheeler,75348348299
82,4,16310506 5621,Bangkok,446,84,Metropolitana de Santiago,352 Ligula. Street,35717,1979-03-04T08:00:00.000Z,Bree,f,Flynn,84,N,Cycle,9765834399
83,3,16550513 9492,Bangkok,101,67,VIC,Ap #160-3569 In St.,5576,1985-04-29T07:00:00.000Z,Fatima,m,Cox,67,Y,Cycle,1599550699
84,5,16801109 3005,Bangkok,722,99,Gävleborgs län,"8477 Nec, Rd.",209979,1996-06-11T07:00:00.000Z,Chaim,m,Alexander,99,N,Cycle,70472050699
85,2.333329916000366,16790909 7748,Bangkok,210,90,OG,926 Sapien St.,4933,1977-05-29T07:00:00.000Z,Kessie,m,Huber,90,Y,Cycle,12821919899
86,null,16610226 3628,Bangkok,223,33,PK,171-4311 Mi Ave,514372,2000-07-28T07:00:00.000Z,Mason,f,Herrera,33,N,2 Wheeler,64885433199
87,null,16880415 6050,Bangkok,994,93,MA,"P.O. Box 492, 4759 Lorem St.",05479,1992-05-13T07:00:00.000Z,Imani,f,Schultz,93,Y,4 Wheeler,63312896599
88,3,16200707 0234,Bangkok,722,99,Gävleborgs län,"8477 Nec, Rd.",209979,1975-11-10T08:00:00.000Z,Cynthia,m,Webb,99,N,2 Wheeler,17274493499
89,null,16040705 4139,Bangkok,734,11,RI,"5673 Sapien, Street",98740,1977-07-31T07:00:00.000Z,Athena,m,Gilliam,11,N,4 Wheeler,89245096799
90,2.5,16340224 8854,Bangkok,390,39,Wielkopolskie,"P.O. Box 339, 2676 Euismod St.",56979,1986-11-24T08:00:00.000Z,Orli,m,Calhoun,39,Y,Cycle,98541309099
91,2,16690826 0083,Bangkok,819,14,AB,Ap #770-3826 Ac St.,H98 4AX,1987-08-16T07:00:00.000Z,Shad,f,Jones,14,Y,2 Wheeler,6861605699
92,1.5,16980523 7725,Bangkok,80,40,AB,"P.O. Box 447, 6007 Sem. Ave",3304,1982-03-14T08:00:00.000Z,Zia,f,Reid,40,N,2 Wheeler,53653489499
93,3,16360927 5544,Bangkok,924,32,Sląskie,"P.O. Box 506, 7320 Feugiat Road",86-234,1991-01-01T08:00:00.000Z,Daphne,m,Rodgers,32,N,2 Wheeler,59921193099
94,null,16610914 1546,Bangkok,750,73,BR,900 In Rd.,63-246,1979-05-24T07:00:00.000Z,Russell,f,Kelley,73,N,Cycle,91269058499
95,null,16230521 1761,Bangkok,155,55,Noord Brabant,Ap #383-9931 Tincidunt Rd.,67077-66043,1987-01-30T08:00:00.000Z,Dai,m,Saunders,55,N,4 Wheeler,45705311999
96,2.799999952316284,16960202 0449,Bangkok,416,24,NI,2382 Leo. Road,98800,1976-09-20T07:00:00.000Z,Jin,m,Mullins,24,Y,4 Wheeler,47975530099
97,3,16440419 1910,Bangkok,894,13,SO,"P.O. Box 665, 5475 Interdum. St.",19048,1996-05-25T07:00:00.000Z,Ahmed,m,Mathews,13,N,4 Wheeler,95804172799
98,1,16650212 8470,Bangkok,135,54,Maule,"P.O. Box 225, 9913 Quam Avenue",13380,1995-11-27T08:00:00.000Z,Vera,m,York,54,Y,4 Wheeler,58897597299
99,1,16090301 9669,Bangkok,453,16,RP,733-5508 Enim. Rd.,22855,1993-11-06T08:00:00.000Z,Quin,m,Thompson,16,Y,2 Wheeler,76770136299
100,4,16270706 6201,Bangkok,336,52,Rio de Janeiro,Ap #581-3556 Ullamcorper Street,66030,1977-06-13T07:00:00.000Z,Martha,f,Frazier,52,Y,Cycle,80465587399