_id,contact,createdAt,customeraddress,dob,email,firstName,gender,lastName,status
1,16611128 7634,2021-06-13T10:40:53.000Z,[],2022-02-19T08:00:00.000Z,tortor.at.risus@loremtristique.com,Stone,m,Aguilar,N
2,16840311 3999,2022-07-14T06:05:38.000Z,"[{""_id"":3,""locationId"":53,""houseNumber"":738,""streetName"":""P.O. Box 213, 2256 Aliquam Rd."",""streetNumber"":""495021"",""state"":""Wie"",""city"":""Bangkok""}]",2021-01-26T08:00:00.000Z,diam@facilisisegetipsum.co.uk,Wang,m,Silva,Y
3,16070425 6072,2022-03-02T23:53:43.000Z,"[{""_id"":12,""locationId"":64,""houseNumber"":219,""streetName"":""318-3243 Quam. Ave"",""streetNumber"":""78131"",""state"":""Saarland"",""city"":""Bangkok""}]",2021-01-27T08:00:00.000Z,in.cursus.et@lacusCrasinterdum.edu,Ivan,f,Willis,Y
4,16741113 5762,2021-08-12T20:16:34.000Z,"[{""_id"":39,""locationId"":26,""houseNumber"":669,""streetName"":""P.O. Box 251, 2655 Purus Ave"",""streetNumber"":""5209"",""state"":""Maule"",""city"":""Bangkok""},{""_id"":91,""locationId"":63,""houseNumber"":699,""streetName"":""973-8635 Sed Road"",""streetNumber"":""24914"",""state"":""ANT"",""city"":""Bangkok""}]",2021-01-25T08:00:00.000Z,neque.venenatis@turpisegestasFusce.net,Deacon,f,Barker,N
5,16610124 6129,2021-10-15T01:35:13.000Z,"[{""_id"":80,""locationId"":26,""houseNumber"":669,""streetName"":""P.O. Box 251, 2655 Purus Ave"",""streetNumber"":""5209"",""state"":""Maule"",""city"":""Bangkok""}]",2021-05-26T07:00:00.000Z,enim.commodo@Nunc.edu,Zelenia,f,Emerson,N
6,16600328 6074,2021-09-05T03:59:15.000Z,[],2021-12-17T08:00:00.000Z,ut.ipsum@sempercursusInteger.co.uk,Nash,m,Pugh,Y
7,16130616 7006,2020-12-21T10:59:38.000Z,[],2020-10-17T07:00:00.000Z,orci.adipiscing.non@imperdieteratnonummy.ca,Hayes,f,Moran,Y
8,16070526 6013,2020-12-30T11:16:57.000Z,[],2021-06-19T07:00:00.000Z,penatibus.et.magnis@hendreritDonecporttitor.co.uk,Holmes,m,Meyers,Y
9,16800111 1569,2021-01-26T02:39:36.000Z,"[{""_id"":24,""locationId"":48,""houseNumber"":387,""streetName"":""Ap #463-6129 Donec Av."",""streetNumber"":""27935"",""state"":""Madrid"",""city"":""Bangkok""},{""_id"":98,""locationId"":51,""houseNumber"":242,""streetName"":""9746 Erat Street"",""streetNumber"":""9356"",""state"":""Bolívar"",""city"":""Bangkok""}]",2021-03-21T07:00:00.000Z,feugiat.tellus.lorem@vitaealiquameros.com,Kaye,m,Caldwell,N
10,16680104 3701,2022-04-08T06:44:46.000Z,[],2020-09-11T07:00:00.000Z,Morbi.sit@Nullam.co.uk,Warren,f,Conway,N
11,16540228 1512,2020-12-09T17:17:11.000Z,[],2021-08-17T07:00:00.000Z,Suspendisse@nunc.ca,Allegra,m,Mcpherson,Y
12,16890403 6327,2020-09-11T01:59:21.000Z,[],2021-12-25T08:00:00.000Z,Vestibulum.accumsan@seddictumeleifend.ca,Hop,f,Armstrong,N
13,16700322 3984,2021-01-18T00:39:32.000Z,"[{""_id"":75,""locationId"":9,""houseNumber"":222,""streetName"":""341-1933 Felis Avenue"",""streetNumber"":""106725"",""state"":""Gye"",""city"":""Bangkok""}]",2021-01-26T08:00:00.000Z,Nulla@semperrutrumFusce.net,Hannah,f,Wall,N
14,16701123 5574,2022-08-16T03:02:11.000Z,"[{""_id"":33,""locationId"":24,""houseNumber"":416,""streetName"":""2382 Leo. Road"",""streetNumber"":""98800"",""state"":""NI"",""city"":""Bangkok""}]",2021-08-09T07:00:00.000Z,rutrum.lorem.ac@Quisque.net,Abdul,m,Lancaster,Y
15,16871107 5823,2022-04-07T18:39:28.000Z,[],2021-08-16T07:00:00.000Z,pede@ultricesiaculisodio.co.uk,Dennis,f,Hardy,Y
16,16970623 2320,2022-08-21T15:09:38.000Z,"[{""_id"":85,""locationId"":61,""houseNumber"":114,""streetName"":""Ap #110-4995 Magna St."",""streetNumber"":""969486"",""state"":""East Java"",""city"":""Bangkok""}]",2021-04-16T07:00:00.000Z,In.ornare@mienimcondimentum.ca,Emi,f,Mullins,N
17,16760824 1043,2021-03-05T08:51:28.000Z,"[{""_id"":42,""locationId"":45,""houseNumber"":423,""streetName"":""P.O. Box 296, 6294 Pellentesque Rd."",""streetNumber"":""01251"",""state"":""MI"",""city"":""Bangkok""}]",2021-07-23T07:00:00.000Z,enim.nisl@tincidunt.net,Allen,m,Maynard,N
18,16640303 1534,2021-02-15T12:42:45.000Z,"[{""_id"":58,""locationId"":1,""houseNumber"":496,""streetName"":""1864 Rutrum. Street"",""streetNumber"":""73432-706"",""state"":""Saskatchewan"",""city"":""Bangkok""}]",2021-02-26T08:00:00.000Z,sit.amet.luctus@Aliquamauctorvelit.net,Melodie,f,Boyer,N
19,16230719 3884,2022-01-18T20:17:38.000Z,[],2021-05-23T07:00:00.000Z,malesuada@pharetra.net,Kermit,f,Bird,N
20,16360315 8985,2021-12-29T05:07:52.000Z,"[{""_id"":62,""locationId"":62,""houseNumber"":830,""streetName"":""1816 Habitant St."",""streetNumber"":""2755"",""state"":""Oyo"",""city"":""Bangkok""}]",2021-09-12T07:00:00.000Z,lorem.sit@Maurisutquam.org,Tanek,f,Rogers,Y
21,16710106 9941,2022-04-22T16:13:24.000Z,"[{""_id"":6,""locationId"":27,""houseNumber"":769,""streetName"":""P.O. Box 961, 2059 Enim. Road"",""streetNumber"":""5565"",""state"":""Catalunya"",""city"":""Bangkok""},{""_id"":51,""locationId"":67,""houseNumber"":101,""streetName"":""Ap #160-3569 In St."",""streetNumber"":""5576"",""state"":""VIC"",""city"":""Bangkok""}]",2021-11-24T08:00:00.000Z,dui.Fusce.aliquam@amalesuada.edu,Regina,m,Tanner,Y
22,16461029 8889,2022-05-22T03:38:47.000Z,"[{""_id"":88,""locationId"":25,""houseNumber"":61,""streetName"":""Ap #148-5889 Fermentum Av."",""streetNumber"":""704323"",""state"":""ULY"",""city"":""Bangkok""}]",2021-04-09T07:00:00.000Z,Morbi.quis.urna@sitamet.org,Cara,m,Singleton,Y
23,16000520 4763,2020-11-15T02:16:41.000Z,"[{""_id"":11,""locationId"":17,""houseNumber"":176,""streetName"":""P.O. Box 294, 2275 Sapien. Road"",""streetNumber"":""28-710"",""state"":""W"",""city"":""Bangkok""},{""_id"":10,""locationId"":60,""houseNumber"":401,""streetName"":""P.O. Box 827, 1136 Felis. Av."",""streetNumber"":""74-506"",""state"":""Stockholms län"",""city"":""Bangkok""}]",2021-08-01T07:00:00.000Z,risus.Nulla.eget@Proinvel.edu,Brendan,f,Schneider,N
24,16581216 8796,2021-01-24T16:28:02.000Z,"[{""_id"":20,""locationId"":11,""houseNumber"":734,""streetName"":""5673 Sapien, Street"",""streetNumber"":""98740"",""state"":""RI"",""city"":""Bangkok""},{""_id"":79,""locationId"":68,""houseNumber"":659,""streetName"":""Ap #171-8877 Nunc Av."",""streetNumber"":""06743"",""state"":""Manitoba"",""city"":""Bangkok""}]",1990-06-04T07:00:00.000Z,lobortis@dictumcursusNunc.org,Reece,f,Finch,N
25,16730227 5784,2022-02-01T03:53:43.000Z,"[{""_id"":69,""locationId"":14,""houseNumber"":819,""streetName"":""Ap #770-3826 Ac St."",""streetNumber"":""H98 4AX"",""state"":""AB"",""city"":""Bangkok""},{""_id"":44,""locationId"":23,""houseNumber"":106,""streetName"":""1669 Non St."",""streetNumber"":""28392"",""state"":""Manisa"",""city"":""Bangkok""}]",2021-02-24T08:00:00.000Z,magnis.dis.parturient@sodalesMauris.org,Keiko,m,Browning,Y
26,16681001 9999,2020-09-28T16:42:49.000Z,[],2021-03-01T08:00:00.000Z,amet.luctus.vulputate@ligula.edu,Chandler,f,Russell,Y
27,16690903 3315,2021-05-07T06:50:41.000Z,"[{""_id"":13,""locationId"":10,""houseNumber"":28,""streetName"":""P.O. Box 288, 802 Tincidunt, Rd."",""streetNumber"":""Z7596"",""state"":""Berlin"",""city"":""Bangkok""},{""_id"":99,""locationId"":27,""houseNumber"":769,""streetName"":""P.O. Box 961, 2059 Enim. Road"",""streetNumber"":""5565"",""state"":""Catalunya"",""city"":""Bangkok""}]",1980-06-04T07:00:00.000Z,lacinia@nunc.edu,Keaton,f,Terry,N
28,16810417 7004,2021-05-25T14:04:11.000Z,[],2022-01-03T08:00:00.000Z,tristique.aliquet@Suspendisseacmetus.co.uk,Cooper,f,Mendoza,Y
29,16940212 5562,2021-08-01T18:30:52.000Z,[],1975-06-04T07:00:00.000Z,vulputate.risus@ornare.edu,Preston,f,Rivas,N
30,16120903 3255,2022-03-20T15:47:22.000Z,"[{""_id"":36,""locationId"":8,""houseNumber"":993,""streetName"":""481-1605 Pellentesque Rd."",""streetNumber"":""237016"",""state"":""Georgia"",""city"":""Bangkok""},{""_id"":40,""locationId"":22,""houseNumber"":79,""streetName"":""P.O. Box 274, 6434 Habitant Avenue"",""streetNumber"":""48118-081"",""state"":""AST"",""city"":""Bangkok""},{""_id"":74,""locationId"":37,""houseNumber"":133,""streetName"":""Ap #892-9807 Sit Rd."",""streetNumber"":""66194"",""state"":""Victoria"",""city"":""Bangkok""}]",2022-07-26T07:00:00.000Z,sit.amet.dapibus@semmollisdui.edu,Thane,m,Vincent,N
31,16610625 7212,2021-06-17T21:47:02.000Z,[],2021-08-01T07:00:00.000Z,Sed.auctor@sit.com,Stella,m,Norris,Y
32,16480523 9441,2022-02-22T12:17:02.000Z,"[{""_id"":65,""locationId"":41,""houseNumber"":659,""streetName"":""P.O. Box 641, 6168 Risus. Avenue"",""streetNumber"":""988856"",""state"":""ST"",""city"":""Bangkok""},{""_id"":86,""locationId"":70,""houseNumber"":596,""streetName"":""Ap #960-9787 Cras Ave"",""streetNumber"":""Z1710"",""state"":""NSW"",""city"":""Bangkok""}]",1986-06-04T07:00:00.000Z,Nulla.aliquet@scelerisque.edu,Jamal,m,Vega,N
33,16740106 4980,2021-03-28T19:54:41.000Z,[],2022-01-13T08:00:00.000Z,molestie.in@quamdignissimpharetra.ca,Winifred,f,Garner,Y
34,16610604 2549,2021-07-04T23:42:59.000Z,"[{""_id"":18,""locationId"":6,""houseNumber"":141,""streetName"":""P.O. Box 873, 291 Enim Road"",""streetNumber"":""60315"",""state"":""Gelderland"",""city"":""Bangkok""},{""_id"":23,""locationId"":9,""houseNumber"":222,""streetName"":""341-1933 Felis Avenue"",""streetNumber"":""106725"",""state"":""Gye"",""city"":""Bangkok""}]",2021-10-20T07:00:00.000Z,convallis.dolor.Quisque@antedictum.co.uk,Allen,m,Becker,N
35,16971028 0745,2022-07-20T23:20:53.000Z,[],2021-05-08T07:00:00.000Z,augue@nonenim.net,Christen,f,Poole,Y
36,16040416 6597,2021-11-29T22:45:28.000Z,"[{""_id"":15,""locationId"":10,""houseNumber"":28,""streetName"":""P.O. Box 288, 802 Tincidunt, Rd."",""streetNumber"":""Z7596"",""state"":""Berlin"",""city"":""Bangkok""},{""_id"":16,""locationId"":25,""houseNumber"":61,""streetName"":""Ap #148-5889 Fermentum Av."",""streetNumber"":""704323"",""state"":""ULY"",""city"":""Bangkok""},{""_id"":66,""locationId"":50,""houseNumber"":125,""streetName"":""463-1310 Facilisis Rd."",""streetNumber"":""41252-83023"",""state"":""Mazowieckie"",""city"":""Bangkok""}]",2021-11-21T08:00:00.000Z,vel@Nullaegetmetus.co.uk,Dante,f,Carney,Y
37,16210308 7579,2020-09-26T21:33:22.000Z,[],1956-06-04T07:00:00.000Z,adipiscing.elit@purusmaurisa.ca,Stephanie,m,Arnold,Y
38,16281130 0876,2022-08-08T00:37:25.000Z,[],2021-09-07T07:00:00.000Z,tempor.lorem.eget@eros.co.uk,Charde,m,Mills,Y
39,16430809 6066,2022-08-12T17:59:18.000Z,"[{""_id"":26,""locationId"":3,""houseNumber"":278,""streetName"":""P.O. Box 930, 2053 Tellus Av."",""streetNumber"":""495998"",""state"":""TAS"",""city"":""Bangkok""}]",1951-06-04T07:00:00.000Z,neque@elit.net,Len,m,Morse,Y
40,16781224 7455,2021-10-21T23:55:08.000Z,[],2021-11-24T08:00:00.000Z,felis.ullamcorper@nonummy.co.uk,Nigel,f,Mcfadden,N
41,16810418 0537,2020-10-26T03:54:41.000Z,[],1953-06-04T07:00:00.000Z,ipsum.primis.in@aduiCras.co.uk,Brent,f,Thomas,Y
42,16010411 1307,2021-04-21T12:37:00.000Z,"[{""_id"":53,""locationId"":17,""houseNumber"":176,""streetName"":""P.O. Box 294, 2275 Sapien. Road"",""streetNumber"":""28-710"",""state"":""W"",""city"":""Bangkok""},{""_id"":49,""locationId"":61,""houseNumber"":114,""streetName"":""Ap #110-4995 Magna St."",""streetNumber"":""969486"",""state"":""East Java"",""city"":""Bangkok""},{""_id"":72,""locationId"":64,""houseNumber"":219,""streetName"":""318-3243 Quam. Ave"",""streetNumber"":""78131"",""state"":""Saarland"",""city"":""Bangkok""}]",2021-01-29T08:00:00.000Z,Class@adipiscing.org,Priscilla,m,Wyatt,N
43,16880303 3284,2022-07-13T01:23:15.000Z,[],2022-08-02T07:00:00.000Z,lectus.Cum.sociis@etmagna.org,Chava,f,Hill,Y
44,16960605 3750,2021-03-27T01:52:47.000Z,"[{""_id"":35,""locationId"":57,""houseNumber"":349,""streetName"":""3511 Tempor St."",""streetNumber"":""51817"",""state"":""SK"",""city"":""Bangkok""}]",2022-08-30T07:00:00.000Z,tempor@ornaretortorat.co.uk,Plato,f,Holcomb,Y
45,16970403 5659,2021-07-17T00:54:05.000Z,"[{""_id"":56,""locationId"":61,""houseNumber"":114,""streetName"":""Ap #110-4995 Magna St."",""streetNumber"":""969486"",""state"":""East Java"",""city"":""Bangkok""}]",2021-12-25T08:00:00.000Z,ornare.egestas@vitaerisus.ca,Noelani,f,Gallagher,Y
46,16020918 6964,2020-09-20T11:16:36.000Z,"[{""_id"":64,""locationId"":23,""houseNumber"":106,""streetName"":""1669 Non St."",""streetNumber"":""28392"",""state"":""Manisa"",""city"":""Bangkok""}]",2021-11-03T07:00:00.000Z,dictum@Etiam.edu,Lysandra,f,Duncan,N
47,16130612 0419,2022-01-11T07:07:09.000Z,[],2021-10-30T07:00:00.000Z,Morbi.quis.urna@fringilla.org,Steel,m,Cruz,Y
48,16410712 2642,2022-01-29T15:49:24.000Z,[],2022-02-05T08:00:00.000Z,Aenean.massa@imperdiet.net,Orlando,m,Webb,N
49,16420507 9017,2020-11-15T08:30:51.000Z,[],2022-06-13T07:00:00.000Z,molestie.in@egetvarius.ca,Cullen,m,Dunlap,Y
50,16571121 5185,2022-04-30T18:28:41.000Z,"[{""_id"":90,""locationId"":14,""houseNumber"":819,""streetName"":""Ap #770-3826 Ac St."",""streetNumber"":""H98 4AX"",""state"":""AB"",""city"":""Bangkok""},{""_id"":47,""locationId"":29,""houseNumber"":195,""streetName"":""8226 Nullam Street"",""streetNumber"":""06223-025"",""state"":""New South Wales"",""city"":""Bangkok""},{""_id"":38,""locationId"":36,""houseNumber"":829,""streetName"":""Ap #637-6634 Per St."",""streetNumber"":""1036"",""state"":""Luxemburg"",""city"":""Bangkok""},{""_id"":83,""locationId"":41,""houseNumber"":659,""streetName"":""P.O. Box 641, 6168 Risus. Avenue"",""streetNumber"":""988856"",""state"":""ST"",""city"":""Bangkok""},{""_id"":32,""locationId"":62,""houseNumber"":830,""streetName"":""1816 Habitant St."",""streetNumber"":""2755"",""state"":""Oyo"",""city"":""Bangkok""}]",2022-07-12T07:00:00.000Z,montes.nascetur.ridiculus@laoreet.net,Summer,m,Knight,N
51,16461122 0247,2021-06-01T03:28:34.000Z,[],2020-10-13T07:00:00.000Z,urna.Nunc.quis@urnaetarcu.co.uk,Stacy,m,Langley,N
52,16040515 8353,2021-07-05T15:22:57.000Z,"[{""_id"":52,""locationId"":18,""houseNumber"":224,""streetName"":""408-9041 Mauris Avenue"",""streetNumber"":""8587 UU"",""state"":""AK"",""city"":""Bangkok""},{""_id"":84,""locationId"":27,""houseNumber"":769,""streetName"":""P.O. Box 961, 2059 Enim. Road"",""streetNumber"":""5565"",""state"":""Catalunya"",""city"":""Bangkok""}]",2022-05-12T07:00:00.000Z,senectus.et@Curabitur.org,Kamal,m,Mclaughlin,N
53,16771203 3963,2022-06-25T10:48:04.000Z,[],2022-06-13T07:00:00.000Z,magna@tincidunt.ca,Lael,m,Pollard,N
54,16570306 2876,2022-01-12T06:45:32.000Z,[],2022-02-15T08:00:00.000Z,tortor.Nunc.commodo@enim.ca,Grady,m,Haynes,Y
55,16940507 1789,2022-07-07T12:58:04.000Z,"[{""_id"":54,""locationId"":11,""houseNumber"":734,""streetName"":""5673 Sapien, Street"",""streetNumber"":""98740"",""state"":""RI"",""city"":""Bangkok""},{""_id"":93,""locationId"":44,""houseNumber"":148,""streetName"":""Ap #184-3355 Dis Av."",""streetNumber"":""1947"",""state"":""LOM"",""city"":""Bangkok""}]",2021-08-22T07:00:00.000Z,Nam@lacusEtiambibendum.ca,Curran,m,Garza,Y
56,16050612 7687,2021-11-07T21:34:36.000Z,"[{""_id"":82,""locationId"":10,""houseNumber"":28,""streetName"":""P.O. Box 288, 802 Tincidunt, Rd."",""streetNumber"":""Z7596"",""state"":""Berlin"",""city"":""Bangkok""},{""_id"":97,""locationId"":25,""houseNumber"":61,""streetName"":""Ap #148-5889 Fermentum Av."",""streetNumber"":""704323"",""state"":""ULY"",""city"":""Bangkok""}]",2022-08-09T07:00:00.000Z,tellus.faucibus@Pellentesque.net,Bethany,m,Randall,Y
57,16040129 8310,2021-02-14T11:28:59.000Z,"[{""_id"":59,""locationId"":6,""houseNumber"":141,""streetName"":""P.O. Box 873, 291 Enim Road"",""streetNumber"":""60315"",""state"":""Gelderland"",""city"":""Bangkok""}]",2021-05-12T07:00:00.000Z,justo.eu@nisiCumsociis.com,Tatum,f,Daniels,Y
58,16680325 4975,2021-10-27T23:14:49.000Z,"[{""_id"":7,""locationId"":29,""houseNumber"":195,""streetName"":""8226 Nullam Street"",""streetNumber"":""06223-025"",""state"":""New South Wales"",""city"":""Bangkok""},{""_id"":87,""locationId"":52,""houseNumber"":336,""streetName"":""Ap #581-3556 Ullamcorper Street"",""streetNumber"":""66030"",""state"":""Rio de Janeiro"",""city"":""Bangkok""}]",2022-05-18T07:00:00.000Z,urna.suscipit@erat.co.uk,Tanner,m,Hoffman,Y
59,16490303 9560,2021-10-04T21:54:01.000Z,"[{""_id"":60,""locationId"":37,""houseNumber"":133,""streetName"":""Ap #892-9807 Sit Rd."",""streetNumber"":""66194"",""state"":""Victoria"",""city"":""Bangkok""}]",2022-01-31T08:00:00.000Z,non@ipsumdolor.com,Wanda,m,Guerrero,N
60,16161224 1826,2022-07-14T18:20:00.000Z,"[{""_id"":43,""locationId"":66,""houseNumber"":228,""streetName"":""4103 Leo Street"",""streetNumber"":""494230"",""state"":""Berlin"",""city"":""Bangkok""}]",2021-12-07T08:00:00.000Z,lectus.a.sollicitudin@elitdictumeu.ca,Quail,m,Mosley,N
61,16870730 4294,2020-11-21T12:46:44.000Z,[],2020-11-26T08:00:00.000Z,tempor.lorem@enimnisl.edu,Dara,f,Roth,Y
62,16590603 4102,2021-10-18T10:24:58.000Z,"[{""_id"":55,""locationId"":50,""houseNumber"":125,""streetName"":""463-1310 Facilisis Rd."",""streetNumber"":""41252-83023"",""state"":""Mazowieckie"",""city"":""Bangkok""},{""_id"":46,""locationId"":62,""houseNumber"":830,""streetName"":""1816 Habitant St."",""streetNumber"":""2755"",""state"":""Oyo"",""city"":""Bangkok""}]",2021-01-10T08:00:00.000Z,ac@aduiCras.ca,Xandra,f,Downs,Y
63,16220714 1785,2021-02-18T11:24:38.000Z,[],2021-09-16T07:00:00.000Z,eu.tellus@Duiscursus.edu,Nigel,m,Maddox,Y
64,16000929 7524,2020-12-23T03:40:37.000Z,[],2022-06-24T07:00:00.000Z,vitae@enimCurabiturmassa.net,Vanna,m,Holland,Y
65,16630428 0172,2021-10-24T05:47:26.000Z,"[{""_id"":76,""locationId"":66,""houseNumber"":228,""streetName"":""4103 Leo Street"",""streetNumber"":""494230"",""state"":""Berlin"",""city"":""Bangkok""}]",2021-11-22T08:00:00.000Z,pede@ante.edu,Coby,f,Rowland,N
66,16051226 7774,2021-09-26T00:34:03.000Z,"[{""_id"":34,""locationId"":5,""houseNumber"":801,""streetName"":""Ap #636-7151 Ut, Avenue"",""streetNumber"":""426059"",""state"":""Yukon"",""city"":""Bangkok""},{""_id"":4,""locationId"":6,""houseNumber"":141,""streetName"":""P.O. Box 873, 291 Enim Road"",""streetNumber"":""60315"",""state"":""Gelderland"",""city"":""Bangkok""}]",2020-09-10T07:00:00.000Z,odio@massaInteger.ca,Eleanor,f,Kim,N
67,16181210 5193,2021-09-13T18:46:23.000Z,"[{""_id"":22,""locationId"":51,""houseNumber"":242,""streetName"":""9746 Erat Street"",""streetNumber"":""9356"",""state"":""Bolívar"",""city"":""Bangkok""},{""_id"":50,""locationId"":61,""houseNumber"":114,""streetName"":""Ap #110-4995 Magna St."",""streetNumber"":""969486"",""state"":""East Java"",""city"":""Bangkok""}]",2021-12-19T08:00:00.000Z,porttitor.interdum.Sed@massa.org,Jackson,f,Jones,Y
68,16781205 6112,2021-06-17T13:01:40.000Z,"[{""_id"":68,""locationId"":1,""houseNumber"":496,""streetName"":""1864 Rutrum. Street"",""streetNumber"":""73432-706"",""state"":""Saskatchewan"",""city"":""Bangkok""},{""_id"":61,""locationId"":4,""houseNumber"":546,""streetName"":""922-595 Arcu. Rd."",""streetNumber"":""71515"",""state"":""Minas Gerais"",""city"":""Bangkok""},{""_id"":48,""locationId"":70,""houseNumber"":596,""streetName"":""Ap #960-9787 Cras Ave"",""streetNumber"":""Z1710"",""state"":""NSW"",""city"":""Bangkok""}]",2021-06-11T07:00:00.000Z,erat@nibhQuisquenonummy.net,Fitzgerald,f,Lopez,N
69,16620927 3272,2022-02-11T12:19:01.000Z,"[{""_id"":5,""locationId"":58,""houseNumber"":525,""streetName"":""7551 Egestas, Rd."",""streetNumber"":""26961"",""state"":""San José"",""city"":""Bangkok""}]",2022-06-19T07:00:00.000Z,consectetuer.ipsum@molestiesodalesMauris.ca,Eaton,f,Carson,Y
70,16080221 4791,2022-02-24T15:30:53.000Z,[],2021-04-03T07:00:00.000Z,Pellentesque@utcursus.ca,Malcolm,m,Casey,Y
71,16890611 1953,2021-12-09T03:35:12.000Z,"[{""_id"":27,""locationId"":61,""houseNumber"":114,""streetName"":""Ap #110-4995 Magna St."",""streetNumber"":""969486"",""state"":""East Java"",""city"":""Bangkok""}]",2021-04-08T07:00:00.000Z,sit.amet.risus@penatibuset.com,Kevin,f,Kidd,N
72,16930216 9025,2022-09-08T08:26:59.000Z,"[{""_id"":31,""locationId"":24,""houseNumber"":416,""streetName"":""2382 Leo. Road"",""streetNumber"":""98800"",""state"":""NI"",""city"":""Bangkok""}]",2021-02-26T08:00:00.000Z,egestas@tristiquesenectus.net,Preston,m,Hutchinson,Y
73,16510409 7596,2020-10-17T10:49:28.000Z,[],2021-03-14T08:00:00.000Z,nulla.Integer@nonleo.org,Daniel,m,Bush,Y
74,16550127 7874,2021-04-29T04:16:24.000Z,[],2022-05-17T07:00:00.000Z,dolor@nisimagna.co.uk,Lunea,f,Estrada,N
75,16660412 5515,2022-01-20T10:27:26.000Z,"[{""_id"":21,""locationId"":55,""houseNumber"":155,""streetName"":""Ap #383-9931 Tincidunt Rd."",""streetNumber"":""67077-66043"",""state"":""Noord Brabant"",""city"":""Bangkok""}]",2021-05-25T07:00:00.000Z,dolor.quam@tristique.ca,Lewis,f,Rose,Y
76,16920429 8625,2022-07-08T15:33:53.000Z,"[{""_id"":95,""locationId"":16,""houseNumber"":453,""streetName"":""733-5508 Enim. Rd."",""streetNumber"":""22855"",""state"":""RP"",""city"":""Bangkok""}]",2021-12-25T08:00:00.000Z,eget@loremvitae.ca,Joan,f,Padilla,N
77,16000127 1196,2021-08-11T23:20:55.000Z,"[{""_id"":29,""locationId"":8,""houseNumber"":993,""streetName"":""481-1605 Pellentesque Rd."",""streetNumber"":""237016"",""state"":""Georgia"",""city"":""Bangkok""}]",2022-01-18T08:00:00.000Z,in.cursus.et@adipiscingnonluctus.ca,Vivien,m,Holloway,N
78,16950901 9767,2021-06-15T15:53:00.000Z,"[{""_id"":73,""locationId"":11,""houseNumber"":734,""streetName"":""5673 Sapien, Street"",""streetNumber"":""98740"",""state"":""RI"",""city"":""Bangkok""}]",2022-01-23T08:00:00.000Z,sociis.natoque.penatibus@facilisis.edu,Melyssa,f,Wong,Y
79,16310812 3674,2022-04-26T10:16:50.000Z,"[{""_id"":9,""locationId"":53,""houseNumber"":738,""streetName"":""P.O. Box 213, 2256 Aliquam Rd."",""streetNumber"":""495021"",""state"":""Wie"",""city"":""Bangkok""}]",2022-04-19T07:00:00.000Z,dolor@mollislectus.net,Jeanette,f,Mcmillan,N
80,16881122 3117,2021-08-31T17:23:38.000Z,[],2022-06-18T07:00:00.000Z,ornare.sagittis@musProinvel.net,Graiden,m,Daniels,N
81,16041119 6488,2022-03-23T01:41:41.000Z,"[{""_id"":81,""locationId"":58,""houseNumber"":525,""streetName"":""7551 Egestas, Rd."",""streetNumber"":""26961"",""state"":""San José"",""city"":""Bangkok""}]",2021-08-30T07:00:00.000Z,Ut@liberolacus.org,Odette,f,Jacobs,N
82,16570613 8269,2022-01-01T05:09:46.000Z,"[{""_id"":30,""locationId"":10,""houseNumber"":28,""streetName"":""P.O. Box 288, 802 Tincidunt, Rd."",""streetNumber"":""Z7596"",""state"":""Berlin"",""city"":""Bangkok""}]",2022-07-09T07:00:00.000Z,pede.Cras.vulputate@necquam.com,Palmer,m,Watkins,N
83,16940627 6197,2020-12-13T07:10:57.000Z,"[{""_id"":2,""locationId"":35,""houseNumber"":802,""streetName"":""Ap #991-3175 Tristique St."",""streetNumber"":""905574"",""state"":""BA"",""city"":""Bangkok""}]",2022-04-12T07:00:00.000Z,risus@quisturpisvitae.com,Brynne,m,Downs,Y
84,16480327 9886,2021-07-04T06:30:52.000Z,"[{""_id"":67,""locationId"":8,""houseNumber"":993,""streetName"":""481-1605 Pellentesque Rd."",""streetNumber"":""237016"",""state"":""Georgia"",""city"":""Bangkok""},{""_id"":92,""locationId"":9,""houseNumber"":222,""streetName"":""341-1933 Felis Avenue"",""streetNumber"":""106725"",""state"":""Gye"",""city"":""Bangkok""},{""_id"":1,""locationId"":14,""houseNumber"":819,""streetName"":""Ap #770-3826 Ac St."",""streetNumber"":""H98 4AX"",""state"":""AB"",""city"":""Bangkok""},{""_id"":70,""locationId"":48,""houseNumber"":387,""streetName"":""Ap #463-6129 Donec Av."",""streetNumber"":""27935"",""state"":""Madrid"",""city"":""Bangkok""},{""_id"":14,""locationId"":62,""houseNumber"":830,""streetName"":""1816 Habitant St."",""streetNumber"":""2755"",""state"":""Oyo"",""city"":""Bangkok""},{""_id"":19,""locationId"":70,""houseNumber"":596,""streetName"":""Ap #960-9787 Cras Ave"",""streetNumber"":""Z1710"",""state"":""NSW"",""city"":""Bangkok""}]",2022-05-23T07:00:00.000Z,a.dui.Cras@ante.co.uk,Illiana,f,Odom,N
85,16330709 7992,2021-12-24T03:20:29.000Z,[],2021-11-25T08:00:00.000Z,sit@consectetueradipiscingelit.edu,Lenore,f,Schneider,Y
86,16020205 9879,2021-08-09T05:01:33.000Z,"[{""_id"":78,""locationId"":2,""houseNumber"":25,""streetName"":""Ap #577-6312 Eu Rd."",""streetNumber"":""V3A 8Z6"",""state"":""ID"",""city"":""Bangkok""},{""_id"":25,""locationId"":51,""houseNumber"":242,""streetName"":""9746 Erat Street"",""streetNumber"":""9356"",""state"":""Bolívar"",""city"":""Bangkok""}]",2021-03-01T08:00:00.000Z,vitae.aliquet@lacinia.edu,Jack,f,Odonnell,Y
87,16030710 7763,2021-06-30T17:07:50.000Z,"[{""_id"":28,""locationId"":8,""houseNumber"":993,""streetName"":""481-1605 Pellentesque Rd."",""streetNumber"":""237016"",""state"":""Georgia"",""city"":""Bangkok""},{""_id"":8,""locationId"":52,""houseNumber"":336,""streetName"":""Ap #581-3556 Ullamcorper Street"",""streetNumber"":""66030"",""state"":""Rio de Janeiro"",""city"":""Bangkok""}]",2021-09-13T07:00:00.000Z,Donec.elementum.lorem@auctorvitae.ca,Mark,m,Harris,Y
88,16900601 4964,2022-06-25T15:16:46.000Z,[],2022-09-08T07:00:00.000Z,sem@dolorsit.edu,Leo,f,Walsh,N
89,16460807 9960,2021-09-04T20:23:21.000Z,"[{""_id"":96,""locationId"":30,""houseNumber"":955,""streetName"":""731-4317 Magna. Avenue"",""streetNumber"":""03372"",""state"":""Sindh"",""city"":""Bangkok""},{""_id"":41,""locationId"":57,""houseNumber"":349,""streetName"":""3511 Tempor St."",""streetNumber"":""51817"",""state"":""SK"",""city"":""Bangkok""}]",2021-04-08T07:00:00.000Z,neque.sed.dictum@ante.ca,Mari,f,Ochoa,N
90,16770208 4661,2021-11-17T06:47:43.000Z,"[{""_id"":17,""locationId"":5,""houseNumber"":801,""streetName"":""Ap #636-7151 Ut, Avenue"",""streetNumber"":""426059"",""state"":""Yukon"",""city"":""Bangkok""}]",2021-08-17T07:00:00.000Z,ultrices.Duis.volutpat@nonquamPellentesque.ca,Lilah,m,Freeman,N
91,16320507 1156,2021-04-10T03:47:48.000Z,"[{""_id"":77,""locationId"":11,""houseNumber"":734,""streetName"":""5673 Sapien, Street"",""streetNumber"":""98740"",""state"":""RI"",""city"":""Bangkok""}]",2021-06-18T07:00:00.000Z,venenatis.lacus.Etiam@liberoIntegerin.org,Geoffrey,f,Davenport,Y
92,16521114 3846,2021-09-07T05:20:28.000Z,"[{""_id"":100,""locationId"":9,""houseNumber"":222,""streetName"":""341-1933 Felis Avenue"",""streetNumber"":""106725"",""state"":""Gye"",""city"":""Bangkok""},{""_id"":57,""locationId"":59,""houseNumber"":257,""streetName"":""1980 Proin Avenue"",""streetNumber"":""0634 MT"",""state"":""DE"",""city"":""Bangkok""},{""_id"":63,""locationId"":64,""houseNumber"":219,""streetName"":""318-3243 Quam. Ave"",""streetNumber"":""78131"",""state"":""Saarland"",""city"":""Bangkok""}]",2021-04-15T07:00:00.000Z,Fusce.feugiat@ProindolorNulla.co.uk,Micah,f,Fitzpatrick,Y
93,16921109 2987,2021-01-05T21:41:39.000Z,"[{""_id"":94,""locationId"":32,""houseNumber"":924,""streetName"":""P.O. Box 506, 7320 Feugiat Road"",""streetNumber"":""86-234"",""state"":""Sląskie"",""city"":""Bangkok""}]",2020-09-19T07:00:00.000Z,nec@diam.org,MacKensie,f,Neal,N
94,16450607 1929,2021-02-09T18:34:44.000Z,"[{""_id"":37,""locationId"":56,""houseNumber"":691,""streetName"":""P.O. Box 597, 7116 Id St."",""streetNumber"":""358350"",""state"":""New South Wales"",""city"":""Bangkok""}]",2020-10-27T07:00:00.000Z,dolor.egestas@ProinultricesDuis.ca,Cadman,m,Swanson,Y
95,16730423 2338,2020-11-28T04:33:51.000Z,"[{""_id"":45,""locationId"":65,""houseNumber"":936,""streetName"":""1744 Laoreet Street"",""streetNumber"":""41854"",""state"":""GO"",""city"":""Bangkok""}]",2020-11-06T08:00:00.000Z,ipsum.primis@magnatellus.co.uk,Dennis,f,Swanson,Y
96,16990817 2233,2022-06-21T09:33:44.000Z,"[{""_id"":89,""locationId"":51,""houseNumber"":242,""streetName"":""9746 Erat Street"",""streetNumber"":""9356"",""state"":""Bolívar"",""city"":""Bangkok""}]",2021-06-01T07:00:00.000Z,sed@nonummyutmolestie.ca,Amery,f,Wooten,Y
97,16990311 4081,2021-03-06T15:10:39.000Z,[],2021-06-08T07:00:00.000Z,Aliquam.ornare@Namnulla.ca,Matthew,m,Bridges,N
98,16010920 5062,2021-11-16T17:09:34.000Z,"[{""_id"":71,""locationId"":67,""houseNumber"":101,""streetName"":""Ap #160-3569 In St."",""streetNumber"":""5576"",""state"":""VIC"",""city"":""Bangkok""}]",2021-08-11T07:00:00.000Z,mi.pede.nonummy@et.edu,Avye,f,Bennett,Y
99,16350706 9387,2021-02-05T04:38:42.000Z,[],2022-04-30T07:00:00.000Z,quis.massa@ametconsectetueradipiscing.com,Skyler,m,Cotton,Y
100,16380205 1288,2022-08-23T03:42:06.000Z,[],2021-01-10T08:00:00.000Z,vel@necenim.com,Michael,m,Hicks,Y
101,987654321,2021-09-16T22:31:17.000Z,[],1998-07-12T07:00:00.000Z,omer@test,Omer,m,Farooq,Y