_id,createdAt,customerId,deliveredAt,deliveryAddress.city,deliveryAddress.houseNumber,deliveryAddress.locationId,deliveryAddress.state,deliveryAddress.streetName,deliveryAddress.streetNumber,orderId,ordercontain,payment.completedAt,payment.method,payment.paymentCode,payment.paymentStatus,restaurantId,review.deliveryRating,review.deliveryReview,review.menuitemreview,review.restaurantRating,review.restaurantReview,review.reviewId,staffId,status,total,updatedAt
1,2021-07-07T11:41:19.000Z,32,2020-10-13T19:23:13.000Z,Bangkok,659,68,Manitoba,Ap #171-8877 Nunc Av.,06743,1,"[{""menuId"":1,""quantity"":2}]",2022-01-27T07:31:28.000Z,Internet Banking,1,Completed,2,1,worst delivery,"[{""mreviewId"":43,""menuItemId"":17,""ItemReview"":""Integer aliquam adipiscing lacus. Ut nec urna et arcu imperdiet ullamcorper. Duis at lacus. Quisque"",""menuItemRating"":0}]",3,Best place,1,43,Received,1100,2020-12-20T11:35:46.000Z
2,2020-10-11T01:28:56.000Z,72,2021-06-08T15:51:22.000Z,Bangkok,924,32,Sląskie,"P.O. Box 506, 7320 Feugiat Road",86-234,2,"[{""menuId"":2,""quantity"":2},{""menuId"":201,""quantity"":4}]",2021-02-26T04:39:13.000Z,Credit Card,2,Open,14,2,perfect,[],5,Good place to dine,2,34,Received,3488,2021-02-02T13:01:36.000Z
3,2020-10-24T22:49:01.000Z,57,2020-11-11T19:10:12.000Z,Bangkok,223,33,PK,171-4311 Mi Ave,514372,3,"[{""menuId"":3,""quantity"":6},{""menuId"":202,""quantity"":8}]",2021-12-02T12:19:57.000Z,Internet Banking,3,Completed,18,5,polite service,"[{""mreviewId"":38,""menuItemId"":34,""ItemReview"":""turpis. Nulla aliquet."",""menuItemRating"":3}]",1,Good place to dine,3,52,Delivered,5624,2021-01-01T14:21:07.000Z
4,2021-04-29T20:41:01.000Z,30,2021-09-07T07:29:56.000Z,Bangkok,148,44,LOM,Ap #184-3355 Dis Av.,1947,4,"[{""menuId"":4,""quantity"":8},{""menuId"":203,""quantity"":9}]",2021-11-16T00:12:31.000Z,Credit Card,4,Open,16,4,excellent,"[{""mreviewId"":55,""menuItemId"":45,""ItemReview"":""vehicula et, rutrum eu, ultrices sit amet, risus. Donec nibh enim, gravida"",""menuItemRating"":2}]",5,Good place to dine,4,78,In Progress,9739,2020-12-23T03:00:01.000Z
5,2021-06-23T12:32:27.000Z,32,2021-06-10T16:33:27.000Z,Bangkok,669,26,Maule,"P.O. Box 251, 2655 Purus Ave",5209,5,"[{""menuId"":5,""quantity"":2},{""menuId"":204,""quantity"":7}]",2020-09-20T03:16:53.000Z,Internet Banking,5,Completed,2,4,perfect,[],2,Good Place to hangout,5,38,Received,3998,2020-12-29T19:35:51.000Z
6,2021-08-06T13:50:29.000Z,64,2020-11-21T00:52:34.000Z,Bangkok,61,25,ULY,Ap #148-5889 Fermentum Av.,704323,6,"[{""menuId"":6,""quantity"":2},{""menuId"":205,""quantity"":9}]",2021-03-11T00:51:05.000Z,Cash on Delivery,6,Open,20,5,excellent,[],4,Booring place,6,90,Received,2979,2021-08-27T14:22:21.000Z
7,2020-10-30T23:54:08.000Z,92,2021-07-27T18:13:34.000Z,Bangkok,592,49,PB,"Ap #335-7534 Urna, Av.",H9X 2W0,7,"[{""menuId"":7,""quantity"":6},{""menuId"":206,""quantity"":5}]",2021-12-31T10:54:09.000Z,Credit Card,7,Completed,12,3,perfect,"[{""mreviewId"":30,""menuItemId"":5,""ItemReview"":""facilisis, magna tellus faucibus leo, in lobortis tellus"",""menuItemRating"":3},{""mreviewId"":81,""menuItemId"":91,""ItemReview"":""lobortis, nisi"",""menuItemRating"":2}]",1,Good Place to hangout,7,92,In Progress,10279,2021-03-02T17:23:51.000Z
8,2021-01-20T20:16:36.000Z,59,2020-11-29T06:00:53.000Z,Bangkok,596,70,NSW,Ap #960-9787 Cras Ave,Z1710,8,"[{""menuId"":8,""quantity"":9},{""menuId"":207,""quantity"":3}]",2022-05-19T10:27:58.000Z,Internet Banking,8,Completed,2,5,polite service,[],4,Booring place,8,2,Received,5424,2020-11-29T08:15:57.000Z
9,2021-02-01T04:20:04.000Z,36,2021-07-31T14:42:12.000Z,Bangkok,682,20,WA,342-2255 Sed Rd.,11997-41622,9,"[{""menuId"":9,""quantity"":3},{""menuId"":208,""quantity"":7}]",2021-02-22T12:56:43.000Z,Credit Card,9,Completed,2,4,worst delivery,[],5,Booring place,9,68,Delivered,7527,2020-10-12T13:44:35.000Z
10,2020-12-22T22:19:06.000Z,34,2021-02-12T07:27:59.000Z,Bangkok,699,63,ANT,973-8635 Sed Road,24914,10,"[{""menuId"":10,""quantity"":1},{""menuId"":209,""quantity"":7}]",2021-02-26T10:52:46.000Z,Credit Card,10,Completed,18,2,the food was cold,[],5,Best place,10,3,Received,2544,2020-11-23T21:55:11.000Z
11,2020-12-06T20:16:59.000Z,35,2021-07-06T11:35:26.000Z,Bangkok,224,18,AK,408-9041 Mauris Avenue,8587 UU,11,"[{""menuId"":11,""quantity"":4},{""menuId"":210,""quantity"":9}]",2021-11-30T00:28:36.000Z,Internet Banking,11,Completed,15,2,excellent,[],1,Love the ambience,11,86,In Progress,4921,2021-01-09T18:31:31.000Z
12,2021-02-06T05:00:58.000Z,4,2021-05-10T09:01:18.000Z,Bangkok,195,29,New South Wales,8226 Nullam Street,06223-025,12,"[{""menuId"":12,""quantity"":5},{""menuId"":211,""quantity"":4}]",2021-04-04T02:48:40.000Z,Cash on Delivery,12,Completed,6,2,fast delivery,[],5,Love the ambience,12,77,Received,5988,2021-02-28T05:10:56.000Z
13,2021-05-24T00:06:02.000Z,80,2021-04-09T02:26:35.000Z,Bangkok,336,52,Rio de Janeiro,Ap #581-3556 Ullamcorper Street,66030,13,"[{""menuId"":13,""quantity"":4},{""menuId"":212,""quantity"":4}]",2022-02-02T10:49:29.000Z,Cash on Delivery,13,Completed,4,2,perfect,"[{""mreviewId"":4,""menuItemId"":79,""ItemReview"":""blandit mattis. Cras eget"",""menuItemRating"":3},{""mreviewId"":34,""menuItemId"":68,""ItemReview"":""cursus et, magna. Praesent interdum"",""menuItemRating"":5}]",4,Worst ambience,13,82,In Progress,4032,2021-07-08T09:29:38.000Z
14,2020-12-31T21:13:10.000Z,17,2021-06-29T23:49:10.000Z,Bangkok,155,55,Noord Brabant,Ap #383-9931 Tincidunt Rd.,67077-66043,14,"[{""menuId"":14,""quantity"":2},{""menuId"":213,""quantity"":5}]",2021-05-04T01:40:30.000Z,Cash on Delivery,14,Completed,12,5,fast delivery,"[{""mreviewId"":6,""menuItemId"":62,""ItemReview"":""Quisque nonummy ipsum non arcu. Vivamus sit amet risus. Donec egestas. Aliquam nec enim. Nunc"",""menuItemRating"":3}]",4,Fav,14,67,Received,2254,2021-02-26T15:49:05.000Z
15,2021-03-07T16:19:22.000Z,78,2020-11-24T16:45:27.000Z,Bangkok,596,70,NSW,Ap #960-9787 Cras Ave,Z1710,15,"[{""menuId"":15,""quantity"":5},{""menuId"":214,""quantity"":2}]",2021-11-21T23:55:17.000Z,Cash on Delivery,15,Open,18,4,fast delivery,"[{""mreviewId"":1,""menuItemId"":66,""ItemReview"":""est ac"",""menuItemRating"":0},{""mreviewId"":19,""menuItemId"":35,""ItemReview"":""ut quam vel sapien imperdiet ornare. In faucibus. Morbi vehicula. Pellentesque tincidunt tempus risus."",""menuItemRating"":1},{""mreviewId"":28,""menuItemId"":38,""ItemReview"":""Cras pellentesque. Sed dictum. Proin"",""menuItemRating"":1},{""mreviewId"":63,""menuItemId"":90,""ItemReview"":""lectus pede, ultrices a, auctor non, feugiat nec, diam. Duis mi enim, condimentum eget, volutpat ornare,"",""menuItemRating"":5}]",5,Best place,15,86,In Progress,6590,2021-01-30T04:34:49.000Z
16,2020-11-19T22:44:27.000Z,23,2020-09-29T20:00:19.000Z,Bangkok,390,39,Wielkopolskie,"P.O. Box 339, 2676 Euismod St.",56979,16,"[{""menuId"":16,""quantity"":5},{""menuId"":215,""quantity"":8}]",2021-07-27T19:44:37.000Z,Credit Card,16,Completed,7,1,polite service,"[{""mreviewId"":36,""menuItemId"":78,""ItemReview"":""tellus id nunc interdum feugiat. Sed nec metus facilisis lorem tristique aliquet. Phasellus"",""menuItemRating"":3}]",1,Love the ambience,16,80,Delivered,7525,2021-02-14T10:24:44.000Z
17,2021-03-12T10:52:51.000Z,89,2021-06-09T05:51:45.000Z,Bangkok,596,70,NSW,Ap #960-9787 Cras Ave,Z1710,17,"[{""menuId"":17,""quantity"":2},{""menuId"":216,""quantity"":8}]",2021-04-11T14:51:53.000Z,Internet Banking,17,Open,5,1,worst delivery,[],2,Fav,17,51,Received,6568,2021-01-01T17:12:37.000Z
18,2020-12-31T13:10:52.000Z,21,2020-12-18T20:07:54.000Z,Bangkok,155,55,Noord Brabant,Ap #383-9931 Tincidunt Rd.,67077-66043,18,"[{""menuId"":18,""quantity"":5},{""menuId"":217,""quantity"":2}]",2021-06-29T02:08:02.000Z,Cash on Delivery,18,Completed,15,3,fast delivery,"[{""mreviewId"":5,""menuItemId"":55,""ItemReview"":""amet, consectetuer adipiscing"",""menuItemRating"":5}]",4,Best place,18,62,Delivered,4538,2020-11-16T10:15:33.000Z
19,2021-08-12T07:43:12.000Z,1,2021-02-07T14:09:06.000Z,Bangkok,829,36,Luxemburg,Ap #637-6634 Per St.,1036,19,"[{""menuId"":19,""quantity"":7},{""menuId"":218,""quantity"":8}]",2021-08-29T11:51:04.000Z,Credit Card,19,Completed,17,3,excellent,"[{""mreviewId"":16,""menuItemId"":17,""ItemReview"":""Donec at arcu. Vestibulum ante ipsum primis in faucibus orci luctus et ultrices"",""menuItemRating"":4}]",1,Booring place,19,3,Received,2998,2021-09-08T10:09:43.000Z
20,2020-12-07T05:59:15.000Z,73,2021-08-19T21:42:48.000Z,Bangkok,106,23,Manisa,1669 Non St.,28392,20,"[{""menuId"":20,""quantity"":3},{""menuId"":219,""quantity"":7}]",2022-01-17T18:35:10.000Z,Credit Card,20,Open,11,5,perfect,[],4,Good place to dine,20,5,Delivered,4628,2021-09-04T23:57:11.000Z
21,2020-11-25T10:34:56.000Z,1,2021-08-20T00:19:55.000Z,Bangkok,114,61,East Java,Ap #110-4995 Magna St.,969486,21,"[{""menuId"":21,""quantity"":1},{""menuId"":220,""quantity"":3}]",2021-11-19T23:43:35.000Z,Cash on Delivery,21,Open,15,3,slow service,[],3,Good Place to hangout,21,1,Delivered,1242,2021-06-10T23:11:00.000Z
22,2021-02-06T10:01:02.000Z,93,2021-02-10T00:47:43.000Z,Bangkok,804,12,Nord-Pas-de-Calais,6233 Suspendisse St.,143351,22,"[{""menuId"":22,""quantity"":7},{""menuId"":221,""quantity"":4}]",2021-01-19T08:34:46.000Z,Credit Card,22,Completed,3,5,slow service,"[{""mreviewId"":84,""menuItemId"":19,""ItemReview"":""tortor. Nunc commodo auctor velit. Aliquam"",""menuItemRating"":4},{""mreviewId"":88,""menuItemId"":82,""ItemReview"":""Cras dictum ultricies ligula. Nullam enim. Sed nulla ante,"",""menuItemRating"":1}]",1,Fav,22,58,In Progress,6766,2021-08-22T23:15:53.000Z
23,2020-12-19T22:40:38.000Z,91,2021-02-11T15:58:19.000Z,Bangkok,894,13,SO,"P.O. Box 665, 5475 Interdum. St.",19048,23,"[{""menuId"":23,""quantity"":1},{""menuId"":222,""quantity"":6}]",2021-05-28T11:20:11.000Z,Cash on Delivery,23,Open,20,2,polite service,"[{""mreviewId"":97,""menuItemId"":88,""ItemReview"":""ridiculus mus. Proin"",""menuItemRating"":2}]",1,Best place,23,78,Received,2574,2021-09-03T18:15:53.000Z
24,2020-12-30T08:30:43.000Z,26,2021-08-26T05:03:34.000Z,Bangkok,525,58,San José,"7551 Egestas, Rd.",26961,24,"[{""menuId"":24,""quantity"":6},{""menuId"":223,""quantity"":1}]",2022-07-15T14:10:34.000Z,Cash on Delivery,24,Open,4,2,fast delivery,[],3,Love the ambience,24,74,In Progress,1865,2020-11-30T01:21:12.000Z
25,2021-03-07T11:44:15.000Z,92,2021-05-29T15:29:56.000Z,Bangkok,734,11,RI,"5673 Sapien, Street",98740,25,"[{""menuId"":25,""quantity"":8},{""menuId"":224,""quantity"":10}]",2021-11-20T07:17:20.000Z,Internet Banking,25,Completed,9,4,polite service,[],2,Good place to dine,25,6,Delivered,7550,2021-04-15T02:52:29.000Z
26,2020-10-13T16:41:34.000Z,93,2021-05-01T21:29:00.000Z,Bangkok,219,64,Saarland,318-3243 Quam. Ave,78131,26,"[{""menuId"":26,""quantity"":4},{""menuId"":225,""quantity"":10}]",2021-03-26T22:10:06.000Z,Credit Card,26,Open,19,1,perfect,"[{""mreviewId"":3,""menuItemId"":5,""ItemReview"":""justo eu arcu. Morbi sit amet massa. Quisque porttitor eros"",""menuItemRating"":3},{""mreviewId"":49,""menuItemId"":89,""ItemReview"":""sed tortor. Integer aliquam adipiscing lacus. Ut nec urna et arcu imperdiet ullamcorper. Duis at"",""menuItemRating"":5},{""mreviewId"":66,""menuItemId"":2,""ItemReview"":""dolor egestas rhoncus. Proin"",""menuItemRating"":2}]",2,Best place,26,55,Received,11030,2021-08-02T14:06:31.000Z
27,2021-03-28T14:04:07.000Z,88,2021-04-18T04:40:11.000Z,Bangkok,80,40,AB,"P.O. Box 447, 6007 Sem. Ave",3304,27,"[{""menuId"":27,""quantity"":6},{""menuId"":226,""quantity"":2}]",2021-08-15T01:24:49.000Z,Cash on Delivery,27,Open,12,1,polite service,[],2,Good Place to hangout,27,96,Delivered,2142,2021-08-28T08:46:48.000Z
28,2020-11-01T06:36:12.000Z,73,2021-08-29T08:19:23.000Z,Bangkok,894,13,SO,"P.O. Box 665, 5475 Interdum. St.",19048,28,"[{""menuId"":28,""quantity"":2},{""menuId"":227,""quantity"":10}]",2020-11-06T11:34:48.000Z,Credit Card,28,Completed,4,2,excellent,"[{""mreviewId"":52,""menuItemId"":71,""ItemReview"":""porttitor tellus non magna. Nam ligula"",""menuItemRating"":5}]",4,Best place,28,34,Received,7294,2020-09-23T08:15:03.000Z
29,2020-11-10T03:31:10.000Z,66,2021-06-01T12:07:50.000Z,Bangkok,830,62,Oyo,1816 Habitant St.,2755,29,"[{""menuId"":29,""quantity"":1},{""menuId"":228,""quantity"":8}]",2022-02-14T13:23:15.000Z,Cash on Delivery,29,Completed,20,5,slow service,"[{""mreviewId"":85,""menuItemId"":81,""ItemReview"":""congue turpis. In"",""menuItemRating"":0}]",4,Best place,29,50,In Progress,3617,2020-10-21T05:30:34.000Z
30,2020-12-02T22:34:39.000Z,78,2021-07-31T17:54:51.000Z,Bangkok,401,60,Stockholms län,"P.O. Box 827, 1136 Felis. Av.",74-506,30,"[{""menuId"":30,""quantity"":4},{""menuId"":229,""quantity"":4}]",2022-06-25T15:56:55.000Z,Internet Banking,30,Completed,4,5,the food was cold,"[{""mreviewId"":70,""menuItemId"":48,""ItemReview"":""semper erat, in consectetuer ipsum nunc id enim. Curabitur massa. Vestibulum accumsan neque et nunc. Quisque ornare tortor"",""menuItemRating"":1},{""mreviewId"":89,""menuItemId"":88,""ItemReview"":""dapibus id, blandit at, nisi. Cum sociis natoque penatibus et magnis dis parturient montes, nascetur ridiculus mus."",""menuItemRating"":5}]",5,Good place to dine,30,54,In Progress,5124,2020-09-25T04:16:28.000Z
31,2021-05-17T08:35:30.000Z,81,2021-04-18T11:40:46.000Z,Bangkok,155,55,Noord Brabant,Ap #383-9931 Tincidunt Rd.,67077-66043,31,"[{""menuId"":31,""quantity"":4},{""menuId"":230,""quantity"":2}]",2021-08-13T01:51:38.000Z,Internet Banking,31,Open,2,2,the food was cold,"[{""mreviewId"":48,""menuItemId"":64,""ItemReview"":""commodo auctor"",""menuItemRating"":2},{""mreviewId"":78,""menuItemId"":10,""ItemReview"":""aliquam, enim nec tempus scelerisque, lorem ipsum sodales purus,"",""menuItemRating"":2}]",2,Love the ambience,31,26,Delivered,3208,2021-03-13T18:10:04.000Z
32,2020-10-10T19:19:37.000Z,77,2021-09-10T20:44:36.000Z,Bangkok,155,55,Noord Brabant,Ap #383-9931 Tincidunt Rd.,67077-66043,32,"[{""menuId"":32,""quantity"":1},{""menuId"":231,""quantity"":10}]",2022-03-27T18:38:36.000Z,Credit Card,32,Open,20,1,slow service,[],5,Fav,32,57,Received,2259,2020-11-19T20:57:50.000Z
33,2021-08-07T08:13:15.000Z,66,2021-04-28T19:38:17.000Z,Bangkok,682,20,WA,342-2255 Sed Rd.,11997-41622,33,"[{""menuId"":33,""quantity"":1},{""menuId"":232,""quantity"":3}]",2021-04-13T20:16:25.000Z,Cash on Delivery,33,Open,16,2,the food was cold,"[{""mreviewId"":46,""menuItemId"":71,""ItemReview"":""semper egestas, urna justo faucibus lectus, a sollicitudin orci sem eget massa. Suspendisse eleifend. Cras sed"",""menuItemRating"":0}]",4,Fav,33,51,In Progress,2170,2021-03-24T17:44:02.000Z
34,2020-12-04T01:41:36.000Z,42,2021-03-06T11:00:03.000Z,Bangkok,801,5,Yukon,"Ap #636-7151 Ut, Avenue",426059,34,"[{""menuId"":34,""quantity"":1},{""menuId"":233,""quantity"":6}]",2022-07-17T11:29:19.000Z,Internet Banking,34,Completed,6,5,worst delivery,"[{""mreviewId"":65,""menuItemId"":88,""ItemReview"":""Nulla aliquet. Proin velit."",""menuItemRating"":1}]",5,Good place to dine,34,45,Delivered,4232,2020-09-25T16:14:16.000Z
35,2021-05-25T18:49:04.000Z,28,2021-08-12T08:39:15.000Z,Bangkok,176,17,W,"P.O. Box 294, 2275 Sapien. Road",28-710,35,"[{""menuId"":35,""quantity"":6},{""menuId"":234,""quantity"":9}]",2021-08-07T06:05:58.000Z,Cash on Delivery,35,Open,8,1,slow service,"[{""mreviewId"":69,""menuItemId"":12,""ItemReview"":""tellus faucibus leo, in lobortis tellus justo sit amet nulla. Donec non"",""menuItemRating"":3}]",5,Best place,35,50,Received,5211,2021-06-05T05:11:57.000Z
36,2021-01-17T14:32:25.000Z,67,2021-08-03T23:09:01.000Z,Bangkok,349,57,SK,3511 Tempor St.,51817,36,"[{""menuId"":36,""quantity"":3},{""menuId"":235,""quantity"":1}]",2022-08-03T10:52:46.000Z,Cash on Delivery,36,Open,12,3,fast delivery,"[{""mreviewId"":92,""menuItemId"":27,""ItemReview"":""pharetra. Nam ac nulla. In tincidunt congue turpis. In condimentum. Donec at arcu. Vestibulum ante ipsum"",""menuItemRating"":2}]",1,Best place,36,48,Received,2715,2021-06-10T19:29:12.000Z
37,2020-11-15T09:59:30.000Z,29,2021-04-07T01:00:55.000Z,Bangkok,713,31,Overijssel,558-1193 Lobortis Av.,55635,37,"[{""menuId"":37,""quantity"":10},{""menuId"":236,""quantity"":3}]",2022-04-26T12:53:43.000Z,Credit Card,37,Completed,20,3,slow service,"[{""mreviewId"":95,""menuItemId"":57,""ItemReview"":""erat neque"",""menuItemRating"":3}]",5,Fav,37,59,Received,5983,2021-01-13T00:42:08.000Z
38,2021-02-12T06:11:34.000Z,45,2021-06-18T21:04:36.000Z,Bangkok,669,26,Maule,"P.O. Box 251, 2655 Purus Ave",5209,38,"[{""menuId"":38,""quantity"":9},{""menuId"":237,""quantity"":7}]",2022-07-23T04:44:54.000Z,Cash on Delivery,38,Open,6,4,slow service,"[{""mreviewId"":93,""menuItemId"":14,""ItemReview"":""mattis velit justo nec ante. Maecenas mi felis, adipiscing fringilla, porttitor"",""menuItemRating"":0},{""mreviewId"":99,""menuItemId"":10,""ItemReview"":""Vivamus rhoncus. Donec est. Nunc ullamcorper, velit in"",""menuItemRating"":1}]",3,Booring place,38,59,In Progress,9320,2020-11-03T05:20:35.000Z
39,2021-02-01T10:31:01.000Z,18,2020-10-29T07:02:37.000Z,Bangkok,228,66,Berlin,4103 Leo Street,494230,39,"[{""menuId"":39,""quantity"":7},{""menuId"":238,""quantity"":2}]",2020-10-27T19:19:17.000Z,Cash on Delivery,39,Completed,11,2,worst delivery,"[{""mreviewId"":80,""menuItemId"":18,""ItemReview"":""vulputate velit eu sem."",""menuItemRating"":3}]",1,Best place,39,18,Delivered,2728,2021-07-18T00:53:53.000Z
40,2020-09-21T00:46:31.000Z,29,2020-11-18T04:16:22.000Z,Bangkok,819,14,AB,Ap #770-3826 Ac St.,H98 4AX,40,"[{""menuId"":40,""quantity"":6},{""menuId"":239,""quantity"":3}]",2021-09-29T19:54:23.000Z,Internet Banking,40,Open,11,4,perfect,"[{""mreviewId"":76,""menuItemId"":12,""ItemReview"":""Sed neque. Sed eget lacus. Mauris non dui nec urna suscipit nonummy. Fusce fermentum fermentum arcu."",""menuItemRating"":5}]",1,Fav,40,25,Received,4569,2020-10-06T03:41:07.000Z
41,2021-07-05T15:20:51.000Z,1,2020-11-15T05:50:59.000Z,Bangkok,388,7,LA,Ap #269-7577 In Ave,16-821,41,"[{""menuId"":41,""quantity"":10},{""menuId"":240,""quantity"":8}]",2022-05-20T08:55:29.000Z,Internet Banking,41,Completed,12,3,perfect,"[{""mreviewId"":79,""menuItemId"":86,""ItemReview"":""nec, leo. Morbi neque"",""menuItemRating"":2}]",4,Good place to dine,41,89,Delivered,4564,2020-12-10T20:29:20.000Z
42,2021-05-02T06:28:36.000Z,26,2021-05-09T01:55:34.000Z,Bangkok,148,44,LOM,Ap #184-3355 Dis Av.,1947,42,"[{""menuId"":42,""quantity"":2},{""menuId"":241,""quantity"":2}]",2022-01-18T21:00:55.000Z,Credit Card,42,Completed,1,4,polite service,"[{""mreviewId"":71,""menuItemId"":77,""ItemReview"":""senectus et netus et malesuada fames ac turpis egestas. Aliquam fringilla cursus purus. Nullam scelerisque neque"",""menuItemRating"":2}]",3,Good place to dine,42,73,In Progress,2274,2021-09-08T12:43:52.000Z
43,2021-03-12T12:52:36.000Z,26,2021-03-02T17:16:25.000Z,Bangkok,108,15,Kent,576-7611 Nam Rd.,725085,43,"[{""menuId"":43,""quantity"":10},{""menuId"":242,""quantity"":6}]",2020-09-14T10:03:55.000Z,Credit Card,43,Completed,8,5,worst delivery,"[{""mreviewId"":41,""menuItemId"":43,""ItemReview"":""feugiat tellus lorem eu metus. In lorem. Donec elementum, lorem ut aliquam iaculis, lacus pede sagittis"",""menuItemRating"":2}]",2,Worst ambience,43,42,Delivered,10896,2021-08-18T05:06:15.000Z
44,2020-10-13T10:43:48.000Z,35,2021-09-02T21:15:34.000Z,Bangkok,955,30,Sindh,731-4317 Magna. Avenue,03372,44,"[{""menuId"":44,""quantity"":5},{""menuId"":243,""quantity"":6}]",2020-09-29T23:27:00.000Z,Internet Banking,44,Open,2,1,the food was cold,"[{""mreviewId"":54,""menuItemId"":95,""ItemReview"":""nec urna suscipit nonummy. Fusce fermentum fermentum arcu. Vestibulum ante ipsum primis in faucibus orci luctus"",""menuItemRating"":2}]",1,Booring place,44,89,Received,9060,2020-10-26T03:35:14.000Z
45,2021-05-22T20:26:17.000Z,4,2020-12-18T15:45:25.000Z,Bangkok,955,30,Sindh,731-4317 Magna. Avenue,03372,45,"[{""menuId"":45,""quantity"":10},{""menuId"":244,""quantity"":3}]",2021-03-24T16:09:08.000Z,Internet Banking,45,Completed,10,4,slow service,"[{""mreviewId"":82,""menuItemId"":49,""ItemReview"":""Phasellus libero"",""menuItemRating"":0},{""mreviewId"":100,""menuItemId"":16,""ItemReview"":""dictum magna. Ut tincidunt orci quis lectus. Nullam suscipit, est ac"",""menuItemRating"":4}]",5,Booring place,45,100,In Progress,5037,2020-10-04T21:53:40.000Z
46,2021-08-04T04:44:04.000Z,19,2020-12-16T11:36:27.000Z,Bangkok,546,4,Minas Gerais,922-595 Arcu. Rd.,71515,46,"[{""menuId"":1,""quantity"":10},{""menuId"":46,""quantity"":8},{""menuId"":245,""quantity"":7}]",2022-08-13T19:59:27.000Z,Internet Banking,46,Open,3,4,worst delivery,"[{""mreviewId"":17,""menuItemId"":70,""ItemReview"":""libero."",""menuItemRating"":4}]",4,Worst ambience,46,14,Delivered,10560,2021-02-17T04:25:36.000Z
47,2020-12-30T23:28:12.000Z,96,2021-07-23T18:44:14.000Z,Bangkok,659,41,ST,"P.O. Box 641, 6168 Risus. Avenue",988856,47,"[{""menuId"":47,""quantity"":9},{""menuId"":246,""quantity"":9}]",2022-03-26T19:34:17.000Z,Cash on Delivery,47,Completed,20,1,fast delivery,"[{""mreviewId"":40,""menuItemId"":86,""ItemReview"":""ac mattis semper, dui lectus rutrum urna, nec luctus felis purus ac tellus. Suspendisse sed"",""menuItemRating"":0}]",3,Good Place to hangout,47,47,Delivered,15129,2021-02-05T10:16:46.000Z
48,2021-04-30T16:06:36.000Z,73,2020-11-25T20:45:40.000Z,Bangkok,894,13,SO,"P.O. Box 665, 5475 Interdum. St.",19048,48,"[{""menuId"":48,""quantity"":8},{""menuId"":247,""quantity"":5}]",2022-05-30T16:35:39.000Z,Internet Banking,48,Open,7,4,perfect,"[{""mreviewId"":39,""menuItemId"":34,""ItemReview"":""lorem ipsum sodales purus, in molestie tortor"",""menuItemRating"":3},{""mreviewId"":57,""menuItemId"":90,""ItemReview"":""velit. Quisque varius. Nam porttitor scelerisque neque. Nullam nisl. Maecenas malesuada fringilla est. Mauris eu turpis."",""menuItemRating"":3}]",1,Booring place,48,1,In Progress,6823,2021-01-04T16:48:58.000Z
49,2021-01-17T18:19:31.000Z,66,2021-03-13T10:28:45.000Z,Bangkok,16,34,WB,419-8454 Interdum. Road,00080,49,"[{""menuId"":49,""quantity"":7},{""menuId"":248,""quantity"":5}]",2020-12-30T06:20:38.000Z,Cash on Delivery,49,Open,9,5,perfect,[],2,Best place,49,57,Delivered,4005,2021-06-09T01:25:02.000Z
50,2021-06-24T18:55:10.000Z,60,2021-08-31T03:00:58.000Z,Bangkok,155,55,Noord Brabant,Ap #383-9931 Tincidunt Rd.,67077-66043,50,"[{""menuId"":50,""quantity"":2},{""menuId"":249,""quantity"":3}]",2021-11-06T09:47:03.000Z,Internet Banking,50,Open,6,1,fast delivery,"[{""mreviewId"":62,""menuItemId"":51,""ItemReview"":""Lorem ipsum dolor"",""menuItemRating"":5},{""mreviewId"":87,""menuItemId"":4,""ItemReview"":""massa. Vestibulum accumsan neque et nunc. Quisque ornare tortor at risus. Nunc ac sem ut dolor dapibus"",""menuItemRating"":3}]",3,Worst ambience,50,73,Delivered,1663,2021-08-24T23:32:41.000Z
51,2021-07-16T22:54:01.000Z,72,2021-08-10T17:28:10.000Z,Bangkok,135,54,Maule,"P.O. Box 225, 9913 Quam Avenue",13380,51,"[{""menuId"":51,""quantity"":6},{""menuId"":250,""quantity"":7}]",2021-03-28T21:36:59.000Z,Internet Banking,51,Open,15,5,excellent,[],2,Love the ambience,51,90,Delivered,8520,2021-02-28T09:28:01.000Z
52,2021-01-20T04:43:34.000Z,20,2021-08-10T22:37:57.000Z,Bangkok,924,32,Sląskie,"P.O. Box 506, 7320 Feugiat Road",86-234,52,"[{""menuId"":52,""quantity"":1},{""menuId"":251,""quantity"":10}]",2020-10-06T13:45:50.000Z,Cash on Delivery,52,Completed,11,1,polite service,[],3,Fav,52,55,Delivered,9271,2020-11-11T11:03:17.000Z
53,2020-11-24T04:57:05.000Z,38,2021-02-19T03:58:33.000Z,Bangkok,155,55,Noord Brabant,Ap #383-9931 Tincidunt Rd.,67077-66043,53,"[{""menuId"":53,""quantity"":5},{""menuId"":252,""quantity"":10}]",2020-09-17T16:14:16.000Z,Internet Banking,53,Open,16,3,the food was cold,"[{""mreviewId"":47,""menuItemId"":10,""ItemReview"":""massa rutrum magna. Cras convallis convallis dolor. Quisque tincidunt pede ac urna. Ut tincidunt vehicula risus. Nulla"",""menuItemRating"":4}]",5,Worst ambience,53,55,Delivered,9755,2020-11-21T17:03:03.000Z
54,2020-12-24T06:47:02.000Z,68,2021-06-06T22:43:35.000Z,Bangkok,735,21,Connacht,"P.O. Box 112, 2139 Velit. Ave",Z2829,54,"[{""menuId"":54,""quantity"":2},{""menuId"":253,""quantity"":9}]",2022-06-17T12:36:19.000Z,Credit Card,54,Open,6,1,the food was cold,"[{""mreviewId"":61,""menuItemId"":22,""ItemReview"":""rutrum magna. Cras convallis convallis dolor. Quisque tincidunt pede ac urna. Ut tincidunt vehicula"",""menuItemRating"":0}]",5,Best place,54,72,Delivered,6124,2020-12-19T18:46:58.000Z
55,2021-01-07T13:39:25.000Z,6,2020-10-30T17:30:20.000Z,Bangkok,518,38,Västra Götalands län,"P.O. Box 377, 684 Donec Rd.",7938,55,"[{""menuId"":55,""quantity"":4},{""menuId"":254,""quantity"":9}]",2021-06-03T22:23:17.000Z,Cash on Delivery,55,Open,2,2,slow service,[],2,Fav,55,89,Received,7929,2020-12-07T21:25:42.000Z
56,2021-04-20T05:58:44.000Z,29,2021-05-29T01:37:02.000Z,Bangkok,492,46,Midi-Pyrénées,Ap #657-1087 At Rd.,143229,56,"[{""menuId"":56,""quantity"":8},{""menuId"":255,""quantity"":9}]",2022-08-01T07:24:52.000Z,Cash on Delivery,56,Completed,1,2,perfect,[],5,Love the ambience,56,98,In Progress,5102,2021-01-24T20:41:02.000Z
57,2021-07-24T16:23:24.000Z,67,2021-01-19T15:49:11.000Z,Bangkok,223,33,PK,171-4311 Mi Ave,514372,57,"[{""menuId"":57,""quantity"":4},{""menuId"":256,""quantity"":1}]",2021-06-23T20:33:49.000Z,Credit Card,57,Completed,4,5,excellent,[],2,Love the ambience,57,20,Delivered,4234,2021-03-05T02:12:37.000Z
58,2021-04-16T10:04:36.000Z,73,2021-05-11T07:30:58.000Z,Bangkok,416,24,NI,2382 Leo. Road,98800,58,"[{""menuId"":58,""quantity"":2},{""menuId"":257,""quantity"":5}]",2021-03-22T06:47:11.000Z,Cash on Delivery,58,Completed,1,2,fast delivery,"[{""mreviewId"":58,""menuItemId"":91,""ItemReview"":""purus, accumsan interdum libero dui nec"",""menuItemRating"":3}]",1,Good place to dine,58,85,Received,4736,2021-05-04T16:25:38.000Z
59,2021-01-12T23:32:24.000Z,79,2021-01-11T09:15:44.000Z,Bangkok,936,65,GO,1744 Laoreet Street,41854,59,"[{""menuId"":59,""quantity"":1},{""menuId"":258,""quantity"":3}]",2022-06-10T06:21:18.000Z,Cash on Delivery,59,Open,20,3,slow service,[],2,Best place,59,71,Received,2729,2020-12-02T11:45:36.000Z
60,2021-03-31T22:24:23.000Z,76,2020-09-22T13:24:34.000Z,Bangkok,955,30,Sindh,731-4317 Magna. Avenue,03372,60,"[{""menuId"":60,""quantity"":10},{""menuId"":259,""quantity"":3}]",2022-01-23T15:50:06.000Z,Internet Banking,60,Completed,7,4,perfect,[],2,Good Place to hangout,60,54,In Progress,3613,2021-08-15T12:49:11.000Z
61,2021-04-26T14:27:39.000Z,15,2020-09-30T05:54:45.000Z,Bangkok,349,57,SK,3511 Tempor St.,51817,61,"[{""menuId"":61,""quantity"":6},{""menuId"":260,""quantity"":3}]",2021-02-13T10:16:05.000Z,Cash on Delivery,61,Completed,8,4,excellent,"[{""mreviewId"":31,""menuItemId"":9,""ItemReview"":""Duis cursus, diam at pretium aliquet, metus urna convallis erat, eget tincidunt dui"",""menuItemRating"":2},{""mreviewId"":33,""menuItemId"":53,""ItemReview"":""adipiscing elit. Aliquam auctor, velit eget laoreet posuere, enim nisl elementum purus, accumsan interdum libero dui nec"",""menuItemRating"":5}]",4,Booring place,61,38,Delivered,3537,2020-09-26T00:08:31.000Z
62,2021-08-08T15:17:53.000Z,78,2021-03-09T22:05:43.000Z,Bangkok,61,25,ULY,Ap #148-5889 Fermentum Av.,704323,62,"[{""menuId"":62,""quantity"":8},{""menuId"":261,""quantity"":5}]",2021-03-26T10:24:45.000Z,Credit Card,62,Completed,3,1,polite service,"[{""mreviewId"":23,""menuItemId"":92,""ItemReview"":""purus sapien, gravida non, sollicitudin a, malesuada id, erat. Etiam vestibulum massa rutrum magna. Cras convallis convallis dolor. Quisque tincidunt"",""menuItemRating"":3},{""mreviewId"":90,""menuItemId"":17,""ItemReview"":""semper, dui lectus rutrum urna, nec luctus felis purus ac tellus. Suspendisse sed dolor. Fusce"",""menuItemRating"":5},{""mreviewId"":94,""menuItemId"":7,""ItemReview"":""felis, adipiscing fringilla, porttitor vulputate, posuere vulputate, lacus. Cras"",""menuItemRating"":0}]",4,Good Place to hangout,62,36,Delivered,3297,2021-06-07T15:57:52.000Z
63,2021-08-08T14:58:20.000Z,83,2021-06-05T13:26:10.000Z,Bangkok,735,21,Connacht,"P.O. Box 112, 2139 Velit. Ave",Z2829,63,"[{""menuId"":63,""quantity"":4},{""menuId"":262,""quantity"":3}]",2020-11-02T01:02:13.000Z,Internet Banking,63,Open,3,3,perfect,[],2,Worst ambience,63,99,Received,2535,2021-02-04T10:11:23.000Z
64,2020-11-30T13:44:02.000Z,56,2021-08-19T15:34:14.000Z,Bangkok,596,70,NSW,Ap #960-9787 Cras Ave,Z1710,64,"[{""menuId"":64,""quantity"":10},{""menuId"":263,""quantity"":10}]",2021-10-22T15:28:54.000Z,Internet Banking,64,Completed,14,5,fast delivery,"[{""mreviewId"":22,""menuItemId"":66,""ItemReview"":""ante, iaculis nec, eleifend non, dapibus rutrum, justo. Praesent"",""menuItemRating"":3},{""mreviewId"":73,""menuItemId"":82,""ItemReview"":""egestas. Aliquam fringilla cursus purus. Nullam scelerisque neque sed sem egestas blandit."",""menuItemRating"":5},{""mreviewId"":86,""menuItemId"":34,""ItemReview"":""urna. Vivamus molestie dapibus ligula. Aliquam erat volutpat."",""menuItemRating"":3}]",4,Good Place to hangout,64,97,Received,8420,2020-11-13T18:41:07.000Z
65,2020-09-12T20:36:51.000Z,26,2021-03-23T05:20:29.000Z,Bangkok,769,27,Catalunya,"P.O. Box 961, 2059 Enim. Road",5565,65,"[{""menuId"":65,""quantity"":9},{""menuId"":264,""quantity"":9}]",2022-09-03T19:55:11.000Z,Internet Banking,65,Completed,5,4,fast delivery,"[{""mreviewId"":11,""menuItemId"":87,""ItemReview"":""scelerisque neque sed sem egestas blandit."",""menuItemRating"":3}]",2,Best place,65,42,Received,4068,2021-05-08T06:33:50.000Z
66,2020-10-27T04:31:14.000Z,22,2020-10-15T13:46:51.000Z,Bangkok,32,19,CA,"P.O. Box 363, 3687 Tempus Ave",41106,66,"[{""menuId"":66,""quantity"":5},{""menuId"":265,""quantity"":5}]",2020-09-15T13:30:11.000Z,Internet Banking,66,Open,14,5,worst delivery,"[{""mreviewId"":44,""menuItemId"":54,""ItemReview"":""Sed eu eros. Nam consequat dolor vitae dolor. Donec fringilla. Donec feugiat metus"",""menuItemRating"":1}]",4,Good Place to hangout,66,86,In Progress,6165,2020-11-12T20:01:17.000Z
67,2021-01-13T20:56:28.000Z,28,2020-11-04T08:27:53.000Z,Bangkok,880,42,NB,"P.O. Box 446, 7626 Volutpat. Street",19507,67,"[{""menuId"":67,""quantity"":7},{""menuId"":266,""quantity"":6}]",2021-03-21T13:48:18.000Z,Credit Card,67,Completed,11,1,perfect,[],1,Worst ambience,67,86,Delivered,10897,2021-04-28T19:12:10.000Z
68,2020-10-25T10:39:40.000Z,64,2020-11-26T10:40:53.000Z,Bangkok,669,26,Maule,"P.O. Box 251, 2655 Purus Ave",5209,68,"[{""menuId"":68,""quantity"":7},{""menuId"":267,""quantity"":7}]",2022-02-13T22:15:36.000Z,Internet Banking,68,Completed,13,4,fast delivery,"[{""mreviewId"":2,""menuItemId"":85,""ItemReview"":""consequat nec, mollis vitae, posuere at, velit. Cras lorem lorem, luctus"",""menuItemRating"":5}]",3,Good Place to hangout,68,49,In Progress,11921,2021-09-02T07:32:48.000Z
69,2021-08-29T00:37:25.000Z,85,2021-08-24T18:28:27.000Z,Bangkok,28,10,Berlin,"P.O. Box 288, 802 Tincidunt, Rd.",Z7596,69,"[{""menuId"":69,""quantity"":3},{""menuId"":268,""quantity"":4}]",2021-03-02T00:40:38.000Z,Cash on Delivery,69,Completed,9,4,excellent,[],4,Love the ambience,69,39,Received,4828,2021-03-21T19:25:05.000Z
70,2021-05-10T04:41:13.000Z,16,2021-06-05T15:32:04.000Z,Bangkok,924,32,Sląskie,"P.O. Box 506, 7320 Feugiat Road",86-234,70,"[{""menuId"":70,""quantity"":10},{""menuId"":269,""quantity"":8}]",2021-08-09T20:12:10.000Z,Cash on Delivery,70,Open,20,5,slow service,"[{""mreviewId"":14,""menuItemId"":68,""ItemReview"":""lectus. Nullam suscipit, est ac facilisis facilisis, magna tellus"",""menuItemRating"":2},{""mreviewId"":15,""menuItemId"":76,""ItemReview"":""non, lobortis quis, pede."",""menuItemRating"":4},{""mreviewId"":32,""menuItemId"":83,""ItemReview"":""Suspendisse tristique neque venenatis lacus. Etiam bibendum fermentum metus. Aenean sed pede"",""menuItemRating"":4}]",1,Fav,70,68,Delivered,8336,2021-01-17T08:02:47.000Z
71,2020-10-05T01:15:15.000Z,4,2021-09-01T00:47:17.000Z,Bangkok,195,29,New South Wales,8226 Nullam Street,06223-025,71,"[{""menuId"":71,""quantity"":5},{""menuId"":270,""quantity"":3}]",2022-05-15T06:29:01.000Z,Cash on Delivery,71,Open,13,1,excellent,"[{""mreviewId"":60,""menuItemId"":17,""ItemReview"":""a neque. Nullam ut nisi a odio semper cursus. Integer mollis. Integer tincidunt aliquam arcu."",""menuItemRating"":1},{""mreviewId"":96,""menuItemId"":12,""ItemReview"":""ipsum. Suspendisse sagittis. Nullam vitae diam. Proin dolor. Nulla semper tellus id nunc interdum"",""menuItemRating"":0}]",2,Booring place,71,90,Received,5120,2020-11-25T15:20:20.000Z
72,2021-02-04T18:58:51.000Z,23,2021-01-25T10:03:30.000Z,Bangkok,61,25,ULY,Ap #148-5889 Fermentum Av.,704323,72,"[{""menuId"":72,""quantity"":2},{""menuId"":271,""quantity"":2}]",2021-07-17T17:46:38.000Z,Internet Banking,72,Open,20,3,polite service,"[{""mreviewId"":9,""menuItemId"":7,""ItemReview"":""interdum feugiat. Sed nec metus facilisis lorem tristique aliquet. Phasellus fermentum convallis"",""menuItemRating"":5},{""mreviewId"":75,""menuItemId"":21,""ItemReview"":""nec, euismod in, dolor. Fusce feugiat. Lorem ipsum dolor sit amet, consectetuer adipiscing elit. Aliquam auctor, velit eget"",""menuItemRating"":4}]",4,Booring place,72,94,In Progress,724,2020-12-06T14:24:00.000Z
73,2021-07-07T06:07:01.000Z,9,2020-10-07T22:00:18.000Z,Bangkok,769,27,Catalunya,"P.O. Box 961, 2059 Enim. Road",5565,73,"[{""menuId"":73,""quantity"":7},{""menuId"":272,""quantity"":6}]",2021-10-05T12:39:16.000Z,Credit Card,73,Open,7,1,polite service,"[{""mreviewId"":37,""menuItemId"":51,""ItemReview"":""ligula. Aenean euismod mauris eu elit. Nulla facilisi. Sed neque. Sed eget lacus. Mauris non"",""menuItemRating"":3},{""mreviewId"":77,""menuItemId"":82,""ItemReview"":""orci lobortis augue scelerisque mollis. Phasellus libero mauris, aliquam eu, accumsan sed, facilisis"",""menuItemRating"":3}]",2,Good place to dine,73,40,Delivered,6808,2020-09-14T19:51:08.000Z
74,2021-07-31T13:12:27.000Z,66,2020-12-22T20:41:45.000Z,Bangkok,738,53,Wie,"P.O. Box 213, 2256 Aliquam Rd.",495021,74,"[{""menuId"":74,""quantity"":2},{""menuId"":273,""quantity"":5}]",2022-02-18T00:51:15.000Z,Internet Banking,74,Completed,18,5,polite service,"[{""mreviewId"":26,""menuItemId"":60,""ItemReview"":""Nunc mauris"",""menuItemRating"":1},{""mreviewId"":74,""menuItemId"":51,""ItemReview"":""ac urna. Ut tincidunt vehicula risus. Nulla eget metus eu erat semper rutrum. Fusce dolor quam, elementum at,"",""menuItemRating"":1}]",5,Worst ambience,74,7,Received,4835,2021-05-09T10:29:47.000Z
75,2021-05-13T13:40:40.000Z,95,2021-08-02T17:59:57.000Z,Bangkok,388,7,LA,Ap #269-7577 In Ave,16-821,75,"[{""menuId"":75,""quantity"":6},{""menuId"":274,""quantity"":7}]",2020-11-22T13:17:03.000Z,Credit Card,75,Completed,2,3,excellent,"[{""mreviewId"":42,""menuItemId"":43,""ItemReview"":""primis in faucibus orci luctus et ultrices posuere cubilia Curae; Phasellus ornare. Fusce mollis. Duis sit amet diam eu"",""menuItemRating"":2}]",2,Good place to dine,75,50,Delivered,4639,2021-01-10T04:27:05.000Z
76,2021-09-11T03:49:09.000Z,73,2020-10-28T05:42:45.000Z,Bangkok,125,50,Mazowieckie,463-1310 Facilisis Rd.,41252-83023,76,"[{""menuId"":76,""quantity"":7},{""menuId"":275,""quantity"":8}]",2021-04-16T01:59:56.000Z,Credit Card,76,Open,10,1,slow service,[],4,Fav,76,97,In Progress,7758,2020-12-11T18:12:05.000Z
77,2020-11-27T03:27:50.000Z,90,2021-03-29T10:20:29.000Z,Bangkok,592,49,PB,"Ap #335-7534 Urna, Av.",H9X 2W0,77,"[{""menuId"":77,""quantity"":3},{""menuId"":276,""quantity"":3}]",2021-11-08T12:37:53.000Z,Cash on Delivery,77,Open,18,4,slow service,"[{""mreviewId"":50,""menuItemId"":78,""ItemReview"":""augue eu tellus."",""menuItemRating"":1}]",5,Best place,77,57,Received,3099,2020-10-06T02:04:36.000Z
78,2021-08-06T11:38:17.000Z,81,2020-12-27T11:37:21.000Z,Bangkok,546,4,Minas Gerais,922-595 Arcu. Rd.,71515,78,"[{""menuId"":78,""quantity"":6},{""menuId"":277,""quantity"":3}]",2021-05-27T03:15:17.000Z,Cash on Delivery,78,Completed,1,2,fast delivery,"[{""mreviewId"":53,""menuItemId"":43,""ItemReview"":""vel, venenatis"",""menuItemRating"":2}]",3,Good Place to hangout,78,58,Delivered,5247,2021-09-07T08:44:07.000Z
79,2021-01-15T20:35:11.000Z,32,2021-02-28T03:23:28.000Z,Bangkok,336,52,Rio de Janeiro,Ap #581-3556 Ullamcorper Street,66030,79,"[{""menuId"":79,""quantity"":8},{""menuId"":278,""quantity"":9}]",2021-12-16T15:43:30.000Z,Internet Banking,79,Open,20,2,the food was cold,"[{""mreviewId"":12,""menuItemId"":52,""ItemReview"":""Nunc sed orci lobortis augue scelerisque mollis. Phasellus libero mauris, aliquam eu, accumsan sed, facilisis vitae, orci. Phasellus dapibus"",""menuItemRating"":2}]",3,Love the ambience,79,1,Received,11967,2021-03-08T14:52:37.000Z
80,2020-10-27T03:17:25.000Z,49,2021-03-05T18:16:20.000Z,Bangkok,224,18,AK,408-9041 Mauris Avenue,8587 UU,80,"[{""menuId"":80,""quantity"":2},{""menuId"":279,""quantity"":2}]",2021-11-27T14:37:10.000Z,Cash on Delivery,80,Completed,19,1,polite service,"[{""mreviewId"":25,""menuItemId"":41,""ItemReview"":""egestas lacinia. Sed congue, elit sed consequat auctor, nunc nulla vulputate"",""menuItemRating"":1}]",1,Good Place to hangout,80,39,Received,2068,2021-09-02T23:27:13.000Z
81,2020-12-04T03:20:55.000Z,88,2020-11-24T12:01:40.000Z,Bangkok,993,8,Georgia,481-1605 Pellentesque Rd.,237016,81,"[{""menuId"":81,""quantity"":2},{""menuId"":280,""quantity"":2}]",2020-11-12T09:16:01.000Z,Credit Card,81,Open,14,5,perfect,[],5,Best place,81,27,In Progress,2714,2020-09-26T00:43:26.000Z
82,2020-09-23T08:40:05.000Z,100,2021-07-08T10:24:25.000Z,Bangkok,525,58,San José,"7551 Egestas, Rd.",26961,82,"[{""menuId"":82,""quantity"":9},{""menuId"":281,""quantity"":4}]",2021-11-13T03:02:43.000Z,Cash on Delivery,82,Open,2,4,excellent,"[{""mreviewId"":64,""menuItemId"":42,""ItemReview"":""aliquet, sem ut cursus luctus, ipsum leo elementum"",""menuItemRating"":0},{""mreviewId"":98,""menuItemId"":1,""ItemReview"":""Aliquam erat volutpat. Nulla facilisis. Suspendisse commodo tincidunt nibh. Phasellus nulla. Integer vulputate, risus a ultricies adipiscing, enim mi"",""menuItemRating"":4}]",5,Best place,82,85,Delivered,4165,2021-08-24T17:58:45.000Z
83,2021-03-06T10:21:27.000Z,78,2021-06-14T07:22:03.000Z,Bangkok,738,53,Wie,"P.O. Box 213, 2256 Aliquam Rd.",495021,83,"[{""menuId"":83,""quantity"":4},{""menuId"":282,""quantity"":5}]",2022-05-27T08:18:34.000Z,Cash on Delivery,83,Completed,8,1,worst delivery,"[{""mreviewId"":72,""menuItemId"":72,""ItemReview"":""Curae;"",""menuItemRating"":0}]",3,Love the ambience,83,58,Delivered,2911,2021-07-03T06:12:59.000Z
84,2021-08-11T13:58:12.000Z,36,2021-02-10T12:35:28.000Z,Bangkok,691,56,New South Wales,"P.O. Box 597, 7116 Id St.",358350,84,"[{""menuId"":84,""quantity"":9},{""menuId"":283,""quantity"":8}]",2022-04-22T00:52:36.000Z,Internet Banking,84,Completed,18,4,excellent,"[{""mreviewId"":21,""menuItemId"":35,""ItemReview"":""Fusce"",""menuItemRating"":5}]",3,Booring place,84,12,In Progress,2331,2020-11-15T16:42:29.000Z
85,2020-10-10T18:09:13.000Z,93,2021-02-14T19:09:53.000Z,Bangkok,659,41,ST,"P.O. Box 641, 6168 Risus. Avenue",988856,85,"[{""menuId"":85,""quantity"":9},{""menuId"":284,""quantity"":6}]",2021-12-01T14:54:18.000Z,Internet Banking,85,Completed,9,1,worst delivery,[],2,Good place to dine,85,93,Received,11685,2021-01-12T03:35:11.000Z
86,2021-03-10T04:42:49.000Z,37,2021-07-30T18:00:03.000Z,Bangkok,802,35,BA,Ap #991-3175 Tristique St.,905574,86,"[{""menuId"":86,""quantity"":9},{""menuId"":285,""quantity"":4}]",2022-07-04T04:46:16.000Z,Internet Banking,86,Completed,12,2,excellent,"[{""mreviewId"":24,""menuItemId"":65,""ItemReview"":""Nullam ut nisi a odio semper cursus. Integer mollis. Integer tincidunt aliquam arcu. Aliquam ultrices iaculis"",""menuItemRating"":4},{""mreviewId"":68,""menuItemId"":33,""ItemReview"":""laoreet, libero et tristique pellentesque, tellus sem"",""menuItemRating"":2}]",5,Good place to dine,86,94,Received,3614,2021-02-17T17:11:27.000Z
87,2021-04-23T19:31:30.000Z,95,2020-10-27T18:03:45.000Z,Bangkok,16,34,WB,419-8454 Interdum. Road,00080,87,"[{""menuId"":87,""quantity"":10},{""menuId"":286,""quantity"":1}]",2021-07-01T20:45:05.000Z,Cash on Delivery,87,Open,7,4,excellent,"[{""mreviewId"":10,""menuItemId"":7,""ItemReview"":""eleifend. Cras sed leo. Cras"",""menuItemRating"":0}]",5,Worst ambience,87,25,In Progress,2085,2021-04-08T11:03:21.000Z
88,2020-10-27T04:21:43.000Z,90,2021-02-10T10:40:17.000Z,Bangkok,133,37,Victoria,Ap #892-9807 Sit Rd.,66194,88,"[{""menuId"":88,""quantity"":4},{""menuId"":287,""quantity"":10}]",2021-10-10T08:40:20.000Z,Internet Banking,88,Completed,18,3,fast delivery,[],5,Booring place,88,53,In Progress,8476,2020-11-17T20:57:06.000Z
89,2020-12-25T02:25:02.000Z,14,2021-06-18T19:51:51.000Z,Bangkok,924,32,Sląskie,"P.O. Box 506, 7320 Feugiat Road",86-234,89,"[{""menuId"":89,""quantity"":10},{""menuId"":288,""quantity"":2}]",2022-08-31T12:11:06.000Z,Credit Card,89,Completed,16,3,perfect,"[{""mreviewId"":18,""menuItemId"":15,""ItemReview"":""a, magna. Lorem ipsum dolor sit amet, consectetuer adipiscing elit. Etiam"",""menuItemRating"":0}]",3,Love the ambience,89,8,Received,8224,2021-02-18T17:28:51.000Z
90,2020-12-07T04:18:01.000Z,51,2020-11-28T14:49:11.000Z,Bangkok,880,42,NB,"P.O. Box 446, 7626 Volutpat. Street",19507,90,"[{""menuId"":90,""quantity"":2},{""menuId"":289,""quantity"":2}]",2022-06-02T21:26:50.000Z,Cash on Delivery,90,Completed,14,2,the food was cold,[],2,Love the ambience,90,55,Received,2214,2021-01-08T05:54:42.000Z
91,2021-06-06T07:20:18.000Z,83,2020-10-28T14:35:12.000Z,Bangkok,802,35,BA,Ap #991-3175 Tristique St.,905574,91,"[{""menuId"":91,""quantity"":6},{""menuId"":290,""quantity"":9}]",2022-04-10T11:38:44.000Z,Cash on Delivery,91,Completed,8,2,the food was cold,[],1,Good Place to hangout,91,100,Delivered,10845,2021-06-12T19:20:31.000Z
92,2021-08-15T19:30:44.000Z,81,2020-10-02T19:24:03.000Z,Bangkok,691,56,New South Wales,"P.O. Box 597, 7116 Id St.",358350,92,"[{""menuId"":92,""quantity"":8},{""menuId"":291,""quantity"":5}]",2022-05-28T15:13:23.000Z,Cash on Delivery,92,Open,5,3,worst delivery,"[{""mreviewId"":20,""menuItemId"":42,""ItemReview"":""nunc, ullamcorper eu, euismod ac, fermentum vel, mauris."",""menuItemRating"":4},{""mreviewId"":91,""menuItemId"":24,""ItemReview"":""nec tempus mauris erat eget ipsum. Suspendisse sagittis. Nullam vitae diam. Proin dolor. Nulla semper"",""menuItemRating"":4}]",3,Best place,92,45,Received,5281,2021-06-22T22:50:11.000Z
93,2021-04-18T13:34:55.000Z,83,2021-03-03T02:14:46.000Z,Bangkok,28,10,Berlin,"P.O. Box 288, 802 Tincidunt, Rd.",Z7596,93,"[{""menuId"":93,""quantity"":6},{""menuId"":292,""quantity"":4}]",2021-10-19T21:35:32.000Z,Credit Card,93,Open,18,5,the food was cold,"[{""mreviewId"":13,""menuItemId"":29,""ItemReview"":""convallis convallis dolor. Quisque tincidunt pede ac urna. Ut tincidunt"",""menuItemRating"":0},{""mreviewId"":83,""menuItemId"":93,""ItemReview"":""interdum feugiat. Sed nec metus facilisis lorem tristique"",""menuItemRating"":3}]",2,Worst ambience,93,35,Delivered,6684,2021-01-07T08:59:57.000Z
94,2021-04-21T01:09:23.000Z,24,2020-11-21T00:20:58.000Z,Bangkok,592,49,PB,"Ap #335-7534 Urna, Av.",H9X 2W0,94,"[{""menuId"":94,""quantity"":7},{""menuId"":293,""quantity"":9}]",2022-01-23T18:01:46.000Z,Credit Card,94,Open,10,5,worst delivery,"[{""mreviewId"":7,""menuItemId"":51,""ItemReview"":""non, lobortis quis, pede. Suspendisse dui. Fusce diam nunc, ullamcorper eu, euismod ac, fermentum vel, mauris. Integer sem elit,"",""menuItemRating"":0}]",2,Love the ambience,94,1,Received,6216,2020-10-05T00:35:07.000Z
95,2021-01-12T23:46:38.000Z,4,2020-10-30T07:57:41.000Z,Bangkok,224,18,AK,408-9041 Mauris Avenue,8587 UU,95,"[{""menuId"":95,""quantity"":5},{""menuId"":294,""quantity"":6}]",2021-02-05T21:22:35.000Z,Internet Banking,95,Open,10,2,perfect,"[{""mreviewId"":8,""menuItemId"":3,""ItemReview"":""cursus, diam at pretium aliquet, metus urna convallis erat, eget tincidunt dui augue eu tellus. Phasellus elit pede, malesuada vel,"",""menuItemRating"":4},{""mreviewId"":59,""menuItemId"":100,""ItemReview"":""vel nisl. Quisque fringilla euismod enim. Etiam gravida molestie arcu. Sed eu nibh vulputate mauris sagittis"",""menuItemRating"":3}]",1,Love the ambience,95,25,Delivered,6476,2021-07-17T12:54:07.000Z
96,2020-12-25T21:03:40.000Z,74,2020-09-15T16:56:37.000Z,Bangkok,699,63,ANT,973-8635 Sed Road,24914,96,"[{""menuId"":96,""quantity"":8},{""menuId"":295,""quantity"":2}]",2021-05-12T16:30:07.000Z,Credit Card,96,Completed,17,5,polite service,"[{""mreviewId"":29,""menuItemId"":43,""ItemReview"":""blandit congue. In scelerisque scelerisque"",""menuItemRating"":1}]",2,Fav,96,22,Received,5180,2020-12-10T06:39:08.000Z
97,2021-04-30T06:59:48.000Z,15,2020-12-06T14:09:45.000Z,Bangkok,691,56,New South Wales,"P.O. Box 597, 7116 Id St.",358350,97,"[{""menuId"":97,""quantity"":9},{""menuId"":296,""quantity"":5}]",2020-10-31T00:45:36.000Z,Credit Card,97,Open,2,1,slow service,"[{""mreviewId"":45,""menuItemId"":99,""ItemReview"":""eget massa. Suspendisse eleifend. Cras sed leo. Cras vehicula aliquet libero. Integer in magna."",""menuItemRating"":5}]",1,Good place to dine,97,22,Delivered,6249,2021-01-08T09:36:45.000Z
98,2020-11-18T01:57:12.000Z,77,2020-12-08T06:04:14.000Z,Bangkok,219,64,Saarland,318-3243 Quam. Ave,78131,98,"[{""menuId"":98,""quantity"":1},{""menuId"":297,""quantity"":8}]",2022-09-08T07:20:50.000Z,Internet Banking,98,Completed,10,4,polite service,"[{""mreviewId"":56,""menuItemId"":29,""ItemReview"":""magna. Ut tincidunt orci quis lectus. Nullam"",""menuItemRating"":0}]",3,Good place to dine,98,51,Received,8422,2021-07-18T04:15:40.000Z
99,2021-05-24T19:40:58.000Z,19,2021-01-31T01:37:53.000Z,Bangkok,924,32,Sląskie,"P.O. Box 506, 7320 Feugiat Road",86-234,99,"[{""menuId"":99,""quantity"":2},{""menuId"":298,""quantity"":9}]",2021-10-26T09:53:57.000Z,Internet Banking,99,Completed,8,4,excellent,"[{""mreviewId"":27,""menuItemId"":99,""ItemReview"":""nulla. In tincidunt congue turpis. In condimentum. Donec at arcu. Vestibulum ante ipsum primis"",""menuItemRating"":5}]",3,Booring place,99,93,Received,4476,2020-11-29T04:18:09.000Z
100,2021-06-05T12:05:38.000Z,53,2021-07-20T07:29:14.000Z,Bangkok,25,2,ID,Ap #577-6312 Eu Rd.,V3A 8Z6,100,"[{""menuId"":100,""quantity"":3},{""menuId"":299,""quantity"":4}]",2020-09-17T15:26:03.000Z,Internet Banking,100,Completed,1,3,the food was cold,"[{""mreviewId"":35,""menuItemId"":87,""ItemReview"":""Sed molestie. Sed id risus quis diam luctus"",""menuItemRating"":1},{""mreviewId"":51,""menuItemId"":33,""ItemReview"":""lobortis risus. In mi pede, nonummy ut, molestie"",""menuItemRating"":4},{""mreviewId"":67,""menuItemId"":92,""ItemReview"":""nibh. Phasellus nulla. Integer vulputate, risus a ultricies adipiscing, enim mi tempor lorem, eget mollis lectus pede et risus."",""menuItemRating"":4}]",1,Good place to dine,100,42,Received,2565,2021-01-08T00:25:08.000Z
101,2021-01-13T08:59:17.000Z,51,2020-12-23T06:34:29.000Z,Bangkok,219,64,Saarland,318-3243 Quam. Ave,78131,101,"[{""menuId"":1,""quantity"":4},{""menuId"":413,""quantity"":3}]",,,,,7,,,[],,,,74,Delivered,5161,2021-05-09T17:23:00.000Z
102,2021-06-27T00:18:06.000Z,11,2021-06-28T21:52:32.000Z,Bangkok,388,7,LA,Ap #269-7577 In Ave,16-821,102,"[{""menuId"":2,""quantity"":7},{""menuId"":404,""quantity"":7}]",,,,,18,,,[],,,,69,Received,3465,2021-05-12T12:49:37.000Z
103,2021-07-25T20:16:57.000Z,21,2020-10-09T14:45:21.000Z,Bangkok,525,58,San José,"7551 Egestas, Rd.",26961,103,"[{""menuId"":3,""quantity"":5},{""menuId"":391,""quantity"":8}]",,,,,1,,,[],,,,83,Delivered,6908,2021-01-22T21:55:30.000Z
104,2020-10-17T01:46:05.000Z,29,2020-10-19T23:40:36.000Z,Bangkok,423,45,MI,"P.O. Box 296, 6294 Pellentesque Rd.",01251,104,"[{""menuId"":4,""quantity"":10},{""menuId"":370,""quantity"":6}]",,,,,13,,,[],,,,45,Delivered,6842,2020-12-08T23:54:58.000Z
105,2020-11-09T19:16:12.000Z,68,2021-03-19T23:13:56.000Z,Bangkok,453,16,RP,733-5508 Enim. Rd.,22855,105,"[{""menuId"":5,""quantity"":10},{""menuId"":373,""quantity"":7}]",,,,,10,,,[],,,,79,In Progress,10687,2021-09-06T17:58:38.000Z
106,2020-11-10T10:03:56.000Z,95,2020-12-01T05:56:31.000Z,Bangkok,894,13,SO,"P.O. Box 665, 5475 Interdum. St.",19048,106,"[{""menuId"":6,""quantity"":10},{""menuId"":400,""quantity"":2}]",,,,,17,,,[],,,,72,In Progress,8444,2020-10-10T08:16:35.000Z
107,2020-12-09T23:31:38.000Z,8,2021-08-28T18:45:15.000Z,Bangkok,228,66,Berlin,4103 Leo Street,494230,107,"[{""menuId"":7,""quantity"":4},{""menuId"":483,""quantity"":6}]",,,,,15,,,[],,,,94,Delivered,5364,2021-08-10T11:04:18.000Z
108,2021-03-17T02:37:40.000Z,67,2020-12-25T22:08:24.000Z,Bangkok,955,30,Sindh,731-4317 Magna. Avenue,03372,108,"[{""menuId"":8,""quantity"":8},{""menuId"":466,""quantity"":2}]",,,,,18,,,[],,,,35,Delivered,4790,2021-03-13T06:17:53.000Z
109,2021-04-25T08:33:46.000Z,42,2021-04-13T21:29:50.000Z,Bangkok,596,70,NSW,Ap #960-9787 Cras Ave,Z1710,109,"[{""menuId"":9,""quantity"":5},{""menuId"":368,""quantity"":3}]",,,,,7,,,[],,,,36,In Progress,3882,2020-10-22T15:51:17.000Z
110,2020-09-26T05:33:41.000Z,2,2021-04-03T05:14:16.000Z,Bangkok,829,36,Luxemburg,Ap #637-6634 Per St.,1036,110,"[{""menuId"":10,""quantity"":2},{""menuId"":458,""quantity"":5}]",,,,,10,,,[],,,,68,Received,3941,2020-11-02T00:18:04.000Z
111,2021-02-19T07:17:01.000Z,2,2021-04-13T05:10:12.000Z,Bangkok,496,1,Saskatchewan,1864 Rutrum. Street,73432-706,111,"[{""menuId"":11,""quantity"":3},{""menuId"":327,""quantity"":9}]",,,,,10,,,[],,,,66,Received,6348,2020-12-18T01:55:45.000Z
112,2021-03-16T06:45:29.000Z,99,2021-05-19T02:10:33.000Z,Bangkok,108,15,Kent,576-7611 Nam Rd.,725085,112,"[{""menuId"":12,""quantity"":3},{""menuId"":301,""quantity"":7}]",,,,,2,,,[],,,,10,Received,1937,2020-10-24T13:40:39.000Z
113,2020-12-20T21:44:59.000Z,61,2020-10-10T18:22:47.000Z,Bangkok,16,34,WB,419-8454 Interdum. Road,00080,113,"[{""menuId"":13,""quantity"":4},{""menuId"":380,""quantity"":8}]",,,,,17,,,[],,,,53,Delivered,6040,2021-06-28T10:46:31.000Z
114,2020-09-16T06:53:49.000Z,100,2021-08-20T01:46:33.000Z,Bangkok,114,61,East Java,Ap #110-4995 Magna St.,969486,114,"[{""menuId"":14,""quantity"":10},{""menuId"":328,""quantity"":9}]",,,,,19,,,[],,,,6,Delivered,11138,2021-04-12T05:51:50.000Z
115,2021-08-30T10:21:01.000Z,44,2021-08-12T03:21:53.000Z,Bangkok,242,51,Bolívar,9746 Erat Street,9356,115,"[{""menuId"":15,""quantity"":1},{""menuId"":310,""quantity"":7}]",,,,,17,,,[],,,,37,Received,4424,2021-01-01T14:10:47.000Z
116,2021-06-07T07:09:14.000Z,17,2021-03-15T08:34:58.000Z,Bangkok,669,26,Maule,"P.O. Box 251, 2655 Purus Ave",5209,116,"[{""menuId"":16,""quantity"":10},{""menuId"":370,""quantity"":1}]",,,,,13,,,[],,,,30,In Progress,5997,2021-04-12T03:02:15.000Z
117,2021-07-28T12:19:02.000Z,38,2020-09-23T12:29:33.000Z,Bangkok,135,54,Maule,"P.O. Box 225, 9913 Quam Avenue",13380,117,"[{""menuId"":17,""quantity"":2},{""menuId"":484,""quantity"":10}]",,,,,6,,,[],,,,89,In Progress,6852,2021-06-25T08:33:45.000Z
118,2021-01-26T14:58:19.000Z,10,2021-02-08T08:36:38.000Z,Bangkok,936,65,GO,1744 Laoreet Street,41854,118,"[{""menuId"":18,""quantity"":10},{""menuId"":387,""quantity"":2}]",,,,,17,,,[],,,,86,Delivered,6866,2021-03-17T15:16:49.000Z
119,2021-06-19T11:45:46.000Z,83,2021-05-21T17:32:02.000Z,Bangkok,880,42,NB,"P.O. Box 446, 7626 Volutpat. Street",19507,119,"[{""menuId"":19,""quantity"":4},{""menuId"":327,""quantity"":4}]",,,,,4,,,[],,,,92,Delivered,2824,2021-07-27T16:38:00.000Z
120,2021-06-06T11:08:07.000Z,60,2021-02-04T21:46:49.000Z,Bangkok,829,36,Luxemburg,Ap #637-6634 Per St.,1036,120,"[{""menuId"":20,""quantity"":6},{""menuId"":391,""quantity"":3}]",,,,,12,,,[],,,,69,Delivered,5397,2020-11-03T03:23:46.000Z
121,2021-08-02T12:47:05.000Z,57,2021-02-08T14:51:44.000Z,Bangkok,934,28,Wiltshire,109-2313 Sed Road,BS9L 2YQ,121,"[{""menuId"":21,""quantity"":6},{""menuId"":470,""quantity"":4}]",,,,,6,,,[],,,,32,In Progress,6814,2020-11-04T20:01:24.000Z
122,2021-05-02T16:50:53.000Z,86,2021-06-07T08:07:46.000Z,Bangkok,955,30,Sindh,731-4317 Magna. Avenue,03372,122,"[{""menuId"":22,""quantity"":10},{""menuId"":326,""quantity"":10}]",,,,,16,,,[],,,,40,Received,13830,2020-10-21T09:46:31.000Z
123,2020-09-22T06:55:47.000Z,93,2021-08-22T22:51:27.000Z,Bangkok,80,40,AB,"P.O. Box 447, 6007 Sem. Ave",3304,123,"[{""menuId"":23,""quantity"":2},{""menuId"":497,""quantity"":9}]",,,,,17,,,[],,,,52,Received,9822,2021-01-19T05:08:55.000Z
124,2020-09-28T22:36:02.000Z,51,2021-05-20T08:56:19.000Z,Bangkok,222,9,Gye,341-1933 Felis Avenue,106725,124,"[{""menuId"":24,""quantity"":3},{""menuId"":317,""quantity"":10}]",,,,,14,,,[],,,,84,In Progress,10123,2021-02-03T01:37:42.000Z
125,2021-04-28T11:26:43.000Z,72,2021-05-02T23:30:00.000Z,Bangkok,135,54,Maule,"P.O. Box 225, 9913 Quam Avenue",13380,125,"[{""menuId"":25,""quantity"":1},{""menuId"":418,""quantity"":2}]",,,,,16,,,[],,,,94,Delivered,2259,2021-02-13T06:13:31.000Z
126,2021-07-14T12:40:44.000Z,94,2021-02-01T07:06:05.000Z,Bangkok,278,3,TAS,"P.O. Box 930, 2053 Tellus Av.",495998,126,"[{""menuId"":26,""quantity"":4},{""menuId"":494,""quantity"":2}]",,,,,7,,,[],,,,35,Received,4090,2021-09-11T11:42:34.000Z
127,2020-12-20T16:48:55.000Z,22,2021-01-12T15:12:06.000Z,Bangkok,610,43,Ada,690-9023 Donec St.,9492,127,"[{""menuId"":27,""quantity"":8},{""menuId"":329,""quantity"":3}]",,,,,1,,,[],,,,72,Delivered,2678,2020-12-19T15:46:38.000Z
128,2021-01-10T18:28:42.000Z,8,2021-07-05T16:22:31.000Z,Bangkok,61,25,ULY,Ap #148-5889 Fermentum Av.,704323,128,"[{""menuId"":28,""quantity"":8},{""menuId"":303,""quantity"":10}]",,,,,14,,,[],,,,17,Received,12206,2020-10-22T00:10:38.000Z
129,2021-05-03T10:37:12.000Z,57,2021-05-12T18:24:30.000Z,Bangkok,176,17,W,"P.O. Box 294, 2275 Sapien. Road",28-710,129,"[{""menuId"":29,""quantity"":1},{""menuId"":436,""quantity"":6}]",,,,,12,,,[],,,,91,Received,3879,2020-09-15T12:04:08.000Z
130,2020-11-09T23:38:30.000Z,52,2021-09-08T20:27:52.000Z,Bangkok,112,69,South Island,Ap #102-114 Lacus. Street,R7M 6G1,130,"[{""menuId"":30,""quantity"":3},{""menuId"":380,""quantity"":7}]",,,,,17,,,[],,,,82,In Progress,6957,2021-04-15T22:35:13.000Z
131,2021-02-03T16:51:54.000Z,2,2021-07-09T06:44:10.000Z,Bangkok,669,26,Maule,"P.O. Box 251, 2655 Purus Ave",5209,131,"[{""menuId"":31,""quantity"":10},{""menuId"":454,""quantity"":4}]",,,,,4,,,[],,,,37,Received,4976,2021-02-07T17:40:07.000Z
132,2020-10-17T19:04:55.000Z,19,2021-09-11T02:46:06.000Z,Bangkok,691,56,New South Wales,"P.O. Box 597, 7116 Id St.",358350,132,"[{""menuId"":32,""quantity"":5},{""menuId"":453,""quantity"":2}]",,,,,16,,,[],,,,62,Delivered,3709,2021-04-05T07:13:17.000Z
133,2021-05-04T09:53:32.000Z,21,2021-06-12T03:47:30.000Z,Bangkok,112,47,Wie,378-8524 A Av.,5881,133,"[{""menuId"":33,""quantity"":1},{""menuId"":482,""quantity"":2}]",,,,,16,,,[],,,,92,In Progress,1522,2021-08-18T08:38:42.000Z
134,2021-07-04T19:37:57.000Z,42,2020-11-13T10:01:13.000Z,Bangkok,32,19,CA,"P.O. Box 363, 3687 Tempus Ave",41106,134,"[{""menuId"":34,""quantity"":2},{""menuId"":348,""quantity"":10}]",,,,,1,,,[],,,,12,Delivered,5316,2021-09-03T08:56:56.000Z
135,2020-09-13T14:39:51.000Z,83,2020-09-20T01:13:00.000Z,Bangkok,804,12,Nord-Pas-de-Calais,6233 Suspendisse St.,143351,135,"[{""menuId"":35,""quantity"":10},{""menuId"":488,""quantity"":1}]",,,,,20,,,[],,,,37,In Progress,2425,2021-06-06T10:15:27.000Z
136,2020-11-06T22:37:36.000Z,13,2020-12-30T13:19:17.000Z,Bangkok,769,27,Catalunya,"P.O. Box 961, 2059 Enim. Road",5565,136,"[{""menuId"":36,""quantity"":3},{""menuId"":479,""quantity"":4}]",,,,,18,,,[],,,,20,In Progress,4672,2021-08-17T02:33:20.000Z
137,2020-11-20T03:19:24.000Z,48,2021-07-18T01:38:40.000Z,Bangkok,388,7,LA,Ap #269-7577 In Ave,16-821,137,"[{""menuId"":37,""quantity"":1},{""menuId"":476,""quantity"":8}]",,,,,16,,,[],,,,84,In Progress,8387,2020-10-13T00:47:19.000Z
138,2021-06-09T16:19:23.000Z,95,2020-11-29T17:39:34.000Z,Bangkok,28,10,Berlin,"P.O. Box 288, 802 Tincidunt, Rd.",Z7596,138,"[{""menuId"":38,""quantity"":9},{""menuId"":396,""quantity"":4}]",,,,,1,,,[],,,,91,Received,5618,2021-07-13T12:35:53.000Z
139,2021-05-26T17:02:56.000Z,5,2020-11-11T16:31:17.000Z,Bangkok,61,25,ULY,Ap #148-5889 Fermentum Av.,704323,139,"[{""menuId"":39,""quantity"":2},{""menuId"":449,""quantity"":8}]",,,,,12,,,[],,,,7,Received,7352,2020-10-07T23:44:47.000Z
140,2020-12-11T22:58:39.000Z,73,2021-08-31T19:27:11.000Z,Bangkok,148,44,LOM,Ap #184-3355 Dis Av.,1947,140,"[{""menuId"":40,""quantity"":2},{""menuId"":494,""quantity"":3}]",,,,,12,,,[],,,,25,In Progress,2149,2021-05-08T12:00:48.000Z
141,2021-08-13T17:45:18.000Z,65,2021-08-22T06:13:15.000Z,Bangkok,224,18,AK,408-9041 Mauris Avenue,8587 UU,141,"[{""menuId"":41,""quantity"":1},{""menuId"":396,""quantity"":7}]",,,,,6,,,[],,,,54,In Progress,4316,2020-11-01T13:00:56.000Z
142,2021-08-13T17:14:37.000Z,7,2021-09-08T05:15:25.000Z,Bangkok,242,51,Bolívar,9746 Erat Street,9356,142,"[{""menuId"":42,""quantity"":7},{""menuId"":494,""quantity"":10}]",,,,,16,,,[],,,,71,Delivered,4032,2021-02-24T07:34:00.000Z
143,2021-07-13T14:32:27.000Z,20,2021-08-07T01:26:25.000Z,Bangkok,738,53,Wie,"P.O. Box 213, 2256 Aliquam Rd.",495021,143,"[{""menuId"":43,""quantity"":7},{""menuId"":471,""quantity"":9}]",,,,,1,,,[],,,,21,Delivered,11457,2020-11-29T13:07:39.000Z
144,2021-09-09T01:18:32.000Z,57,2020-10-11T21:51:38.000Z,Bangkok,114,61,East Java,Ap #110-4995 Magna St.,969486,144,"[{""menuId"":44,""quantity"":7},{""menuId"":332,""quantity"":1}]",,,,,11,,,[],,,,44,Received,6873,2020-09-13T15:54:31.000Z
145,2021-02-13T08:05:18.000Z,90,2021-05-04T01:00:48.000Z,Bangkok,699,63,ANT,973-8635 Sed Road,24914,145,"[{""menuId"":45,""quantity"":7},{""menuId"":498,""quantity"":3}]",,,,,11,,,[],,,,69,In Progress,4215,2020-09-26T11:04:14.000Z
146,2021-06-15T04:05:17.000Z,4,2021-02-22T16:46:29.000Z,Bangkok,682,20,WA,342-2255 Sed Rd.,11997-41622,146,"[{""menuId"":46,""quantity"":2},{""menuId"":330,""quantity"":10}]",,,,,10,,,[],,,,88,Received,2174,2020-10-17T21:21:45.000Z
147,2020-10-28T14:48:27.000Z,85,2021-09-07T14:41:30.000Z,Bangkok,596,70,NSW,Ap #960-9787 Cras Ave,Z1710,147,"[{""menuId"":47,""quantity"":5},{""menuId"":425,""quantity"":6}]",,,,,11,,,[],,,,25,Delivered,5013,2021-07-05T00:07:12.000Z
148,2020-11-20T00:35:28.000Z,96,2020-12-13T04:12:17.000Z,Bangkok,387,48,Madrid,Ap #463-6129 Donec Av.,27935,148,"[{""menuId"":48,""quantity"":3},{""menuId"":470,""quantity"":8}]",,,,,18,,,[],,,,66,Received,9494,2020-11-30T16:12:57.000Z
149,2021-04-20T08:05:44.000Z,36,2020-11-10T18:36:24.000Z,Bangkok,114,61,East Java,Ap #110-4995 Magna St.,969486,149,"[{""menuId"":49,""quantity"":10},{""menuId"":311,""quantity"":4}]",,,,,15,,,[],,,,63,In Progress,5108,2021-03-18T01:05:52.000Z
150,2021-05-04T14:05:04.000Z,52,2021-07-23T10:09:26.000Z,Bangkok,114,61,East Java,Ap #110-4995 Magna St.,969486,150,"[{""menuId"":50,""quantity"":3},{""menuId"":402,""quantity"":5}]",,,,,10,,,[],,,,25,Delivered,3648,2021-02-26T20:57:41.000Z
151,2021-07-23T09:13:42.000Z,69,2020-11-16T00:59:28.000Z,Bangkok,894,13,SO,"P.O. Box 665, 5475 Interdum. St.",19048,151,"[{""menuId"":51,""quantity"":6},{""menuId"":301,""quantity"":5}]",,,,,9,,,[],,,,96,Delivered,5515,2021-05-15T09:31:54.000Z
152,2020-12-15T02:58:38.000Z,41,2021-08-12T02:58:29.000Z,Bangkok,112,69,South Island,Ap #102-114 Lacus. Street,R7M 6G1,152,"[{""menuId"":52,""quantity"":9},{""menuId"":403,""quantity"":10}]",,,,,6,,,[],,,,94,In Progress,3589,2021-03-20T20:32:24.000Z
153,2021-06-16T09:40:11.000Z,34,2020-09-26T19:19:13.000Z,Bangkok,669,26,Maule,"P.O. Box 251, 2655 Purus Ave",5209,153,"[{""menuId"":53,""quantity"":5},{""menuId"":389,""quantity"":3}]",,,,,6,,,[],,,,26,Received,2119,2020-10-30T05:46:13.000Z
154,2020-10-05T14:17:07.000Z,57,2021-03-12T22:43:17.000Z,Bangkok,525,58,San José,"7551 Egestas, Rd.",26961,154,"[{""menuId"":54,""quantity"":1},{""menuId"":451,""quantity"":8}]",,,,,17,,,[],,,,11,Received,1016,2021-05-09T21:21:54.000Z
155,2021-01-12T15:05:52.000Z,67,2020-12-20T19:16:07.000Z,Bangkok,453,16,RP,733-5508 Enim. Rd.,22855,155,"[{""menuId"":55,""quantity"":9},{""menuId"":371,""quantity"":4}]",,,,,11,,,[],,,,50,Received,5717,2021-01-03T08:03:06.000Z
156,2021-06-08T15:00:38.000Z,97,2021-08-13T13:04:26.000Z,Bangkok,880,42,NB,"P.O. Box 446, 7626 Volutpat. Street",19507,156,"[{""menuId"":56,""quantity"":3},{""menuId"":500,""quantity"":1}]",,,,,14,,,[],,,,72,In Progress,679,2021-03-02T09:00:43.000Z
157,2020-11-25T12:02:07.000Z,44,2021-04-20T03:19:31.000Z,Bangkok,735,21,Connacht,"P.O. Box 112, 2139 Velit. Ave",Z2829,157,"[{""menuId"":57,""quantity"":7},{""menuId"":453,""quantity"":3}]",,,,,1,,,[],,,,7,Received,6211,2020-10-08T15:21:45.000Z
158,2021-03-09T01:31:49.000Z,40,2021-06-28T05:31:24.000Z,Bangkok,802,35,BA,Ap #991-3175 Tristique St.,905574,158,"[{""menuId"":58,""quantity"":10},{""menuId"":376,""quantity"":6}]",,,,,4,,,[],,,,13,Delivered,6592,2021-05-01T00:22:36.000Z
159,2021-05-21T04:10:28.000Z,88,2020-10-25T08:03:47.000Z,Bangkok,592,49,PB,"Ap #335-7534 Urna, Av.",H9X 2W0,159,"[{""menuId"":59,""quantity"":10},{""menuId"":490,""quantity"":1}]",,,,,8,,,[],,,,42,Received,6903,2021-08-02T06:22:36.000Z
160,2021-07-12T15:43:47.000Z,20,2020-12-10T04:46:45.000Z,Bangkok,219,64,Saarland,318-3243 Quam. Ave,78131,160,"[{""menuId"":60,""quantity"":1},{""menuId"":315,""quantity"":1}]",,,,,17,,,[],,,,98,In Progress,867,2021-03-31T11:43:42.000Z
161,2021-03-22T04:44:00.000Z,26,2021-01-22T07:53:30.000Z,Bangkok,416,24,NI,2382 Leo. Road,98800,161,"[{""menuId"":61,""quantity"":5},{""menuId"":481,""quantity"":10}]",,,,,13,,,[],,,,5,In Progress,9050,2020-11-09T10:33:58.000Z
162,2020-10-24T10:57:28.000Z,51,2020-09-26T11:41:47.000Z,Bangkok,546,4,Minas Gerais,922-595 Arcu. Rd.,71515,162,"[{""menuId"":62,""quantity"":1},{""menuId"":447,""quantity"":8}]",,,,,8,,,[],,,,76,Received,3685,2021-07-08T09:15:05.000Z
163,2021-08-23T10:01:50.000Z,25,2021-02-01T04:35:45.000Z,Bangkok,691,56,New South Wales,"P.O. Box 597, 7116 Id St.",358350,163,"[{""menuId"":63,""quantity"":7},{""menuId"":450,""quantity"":6}]",,,,,8,,,[],,,,29,In Progress,7938,2020-10-20T07:42:03.000Z
164,2020-10-20T07:27:57.000Z,59,2020-09-13T15:31:51.000Z,Bangkok,735,21,Connacht,"P.O. Box 112, 2139 Velit. Ave",Z2829,164,"[{""menuId"":64,""quantity"":10},{""menuId"":451,""quantity"":2}]",,,,,10,,,[],,,,12,In Progress,5556,2021-08-10T09:37:54.000Z
165,2020-10-28T11:47:24.000Z,60,2021-01-31T00:19:22.000Z,Bangkok,669,26,Maule,"P.O. Box 251, 2655 Purus Ave",5209,165,"[{""menuId"":65,""quantity"":5},{""menuId"":365,""quantity"":2}]",,,,,16,,,[],,,,68,Received,3032,2020-10-23T15:30:31.000Z
166,2021-03-25T16:31:59.000Z,34,2021-07-18T12:56:06.000Z,Bangkok,16,34,WB,419-8454 Interdum. Road,00080,166,"[{""menuId"":66,""quantity"":10},{""menuId"":391,""quantity"":1}]",,,,,19,,,[],,,,20,Delivered,6781,2021-09-04T18:38:52.000Z
167,2021-07-02T12:15:54.000Z,58,2021-07-20T04:57:21.000Z,Bangkok,735,21,Connacht,"P.O. Box 112, 2139 Velit. Ave",Z2829,167,"[{""menuId"":67,""quantity"":3},{""menuId"":380,""quantity"":8}]",,,,,5,,,[],,,,18,In Progress,7125,2021-02-21T22:56:16.000Z
168,2021-01-28T14:47:48.000Z,26,2021-03-06T11:47:25.000Z,Bangkok,416,24,NI,2382 Leo. Road,98800,168,"[{""menuId"":68,""quantity"":3},{""menuId"":352,""quantity"":6}]",,,,,15,,,[],,,,98,Received,6597,2021-02-15T09:20:51.000Z
169,2021-07-22T05:09:26.000Z,90,2021-05-23T00:02:50.000Z,Bangkok,176,17,W,"P.O. Box 294, 2275 Sapien. Road",28-710,169,"[{""menuId"":69,""quantity"":8},{""menuId"":470,""quantity"":1}]",,,,,8,,,[],,,,26,In Progress,4920,2020-09-13T09:31:09.000Z
170,2021-04-07T10:00:34.000Z,22,2020-10-05T18:03:08.000Z,Bangkok,492,46,Midi-Pyrénées,Ap #657-1087 At Rd.,143229,170,"[{""menuId"":70,""quantity"":1},{""menuId"":466,""quantity"":4}]",,,,,9,,,[],,,,80,Delivered,3088,2021-09-08T09:41:23.000Z
171,2020-09-24T07:18:30.000Z,73,2020-09-11T06:25:00.000Z,Bangkok,336,52,Rio de Janeiro,Ap #581-3556 Ullamcorper Street,66030,171,"[{""menuId"":71,""quantity"":8},{""menuId"":362,""quantity"":2}]",,,,,18,,,[],,,,25,Delivered,5966,2021-06-26T16:48:46.000Z
172,2020-10-04T07:01:43.000Z,29,2021-09-02T11:27:06.000Z,Bangkok,387,48,Madrid,Ap #463-6129 Donec Av.,27935,172,"[{""menuId"":72,""quantity"":1},{""menuId"":410,""quantity"":4}]",,,,,5,,,[],,,,52,Received,1865,2020-11-03T18:41:33.000Z
173,2020-09-30T04:32:59.000Z,30,2020-11-11T14:15:36.000Z,Bangkok,492,46,Midi-Pyrénées,Ap #657-1087 At Rd.,143229,173,"[{""menuId"":73,""quantity"":7},{""menuId"":444,""quantity"":9}]",,,,,8,,,[],,,,55,In Progress,12373,2020-12-15T07:26:38.000Z
174,2021-03-21T13:28:45.000Z,67,2020-12-04T00:00:02.000Z,Bangkok,829,36,Luxemburg,Ap #637-6634 Per St.,1036,174,"[{""menuId"":74,""quantity"":1},{""menuId"":410,""quantity"":3}]",,,,,5,,,[],,,,85,In Progress,1797,2021-07-20T06:35:15.000Z
175,2021-07-29T19:06:18.000Z,3,2021-01-25T09:26:10.000Z,Bangkok,880,42,NB,"P.O. Box 446, 7626 Volutpat. Street",19507,175,"[{""menuId"":75,""quantity"":4},{""menuId"":343,""quantity"":7}]",,,,,4,,,[],,,,45,Received,2507,2020-12-07T15:04:05.000Z
176,2021-01-04T23:08:10.000Z,62,2020-11-12T02:23:41.000Z,Bangkok,669,26,Maule,"P.O. Box 251, 2655 Purus Ave",5209,176,"[{""menuId"":76,""quantity"":8},{""menuId"":482,""quantity"":8}]",,,,,16,,,[],,,,66,In Progress,8264,2021-01-23T14:18:22.000Z
177,2021-08-17T12:16:42.000Z,71,2020-11-10T21:55:53.000Z,Bangkok,830,62,Oyo,1816 Habitant St.,2755,177,"[{""menuId"":77,""quantity"":5},{""menuId"":398,""quantity"":9}]",,,,,16,,,[],,,,15,Received,8708,2021-05-14T10:41:08.000Z
178,2021-08-20T18:07:32.000Z,24,2021-04-09T22:10:47.000Z,Bangkok,219,64,Saarland,318-3243 Quam. Ave,78131,178,"[{""menuId"":78,""quantity"":3},{""menuId"":361,""quantity"":8}]",,,,,14,,,[],,,,31,Delivered,3804,2021-02-19T10:02:24.000Z
179,2021-07-19T12:07:03.000Z,8,2020-09-20T10:30:33.000Z,Bangkok,106,23,Manisa,1669 Non St.,28392,179,"[{""menuId"":79,""quantity"":8},{""menuId"":404,""quantity"":4}]",,,,,17,,,[],,,,66,Delivered,7308,2021-05-30T07:11:07.000Z
180,2020-10-01T18:35:20.000Z,14,2021-05-14T00:12:31.000Z,Bangkok,659,68,Manitoba,Ap #171-8877 Nunc Av.,06743,180,"[{""menuId"":80,""quantity"":8},{""menuId"":414,""quantity"":6}]",,,,,5,,,[],,,,68,In Progress,8908,2021-08-12T07:17:57.000Z
181,2021-04-06T14:57:38.000Z,59,2021-06-28T12:56:34.000Z,Bangkok,278,3,TAS,"P.O. Box 930, 2053 Tellus Av.",495998,181,"[{""menuId"":81,""quantity"":3},{""menuId"":366,""quantity"":9}]",,,,,15,,,[],,,,81,In Progress,5655,2020-12-16T03:31:32.000Z
182,2021-04-22T23:57:37.000Z,38,2021-07-04T08:24:51.000Z,Bangkok,492,46,Midi-Pyrénées,Ap #657-1087 At Rd.,143229,182,"[{""menuId"":82,""quantity"":6},{""menuId"":428,""quantity"":2}]",,,,,9,,,[],,,,37,In Progress,1716,2021-08-11T17:15:23.000Z
183,2021-04-30T18:05:39.000Z,69,2021-02-10T06:26:29.000Z,Bangkok,769,27,Catalunya,"P.O. Box 961, 2059 Enim. Road",5565,183,"[{""menuId"":83,""quantity"":5},{""menuId"":305,""quantity"":7}]",,,,,4,,,[],,,,61,Delivered,2815,2020-09-14T17:04:18.000Z
184,2021-09-02T16:42:49.000Z,28,2021-03-21T04:07:12.000Z,Bangkok,713,31,Overijssel,558-1193 Lobortis Av.,55635,184,"[{""menuId"":84,""quantity"":10},{""menuId"":426,""quantity"":4}]",,,,,5,,,[],,,,37,Delivered,3454,2020-10-30T11:52:02.000Z
185,2021-05-17T04:45:45.000Z,78,2021-04-30T10:52:14.000Z,Bangkok,79,22,AST,"P.O. Box 274, 6434 Habitant Avenue",48118-081,185,"[{""menuId"":85,""quantity"":5},{""menuId"":405,""quantity"":3}]",,,,,10,,,[],,,,62,Received,6595,2020-11-09T19:14:32.000Z
186,2021-03-24T02:30:57.000Z,68,2021-07-19T08:09:43.000Z,Bangkok,349,57,SK,3511 Tempor St.,51817,186,"[{""menuId"":86,""quantity"":1},{""menuId"":313,""quantity"":8}]",,,,,2,,,[],,,,99,Received,1362,2020-09-20T20:12:38.000Z
187,2020-11-06T10:08:03.000Z,31,2020-12-31T21:27:05.000Z,Bangkok,80,40,AB,"P.O. Box 447, 6007 Sem. Ave",3304,187,"[{""menuId"":87,""quantity"":8},{""menuId"":359,""quantity"":6}]",,,,,1,,,[],,,,8,Received,2108,2020-09-15T20:00:35.000Z
188,2021-03-12T21:29:48.000Z,22,2020-12-05T17:51:25.000Z,Bangkok,596,70,NSW,Ap #960-9787 Cras Ave,Z1710,188,"[{""menuId"":88,""quantity"":6},{""menuId"":311,""quantity"":8}]",,,,,4,,,[],,,,41,In Progress,10460,2020-12-09T20:57:44.000Z
189,2020-10-22T17:08:31.000Z,76,2021-02-20T23:32:34.000Z,Bangkok,32,19,CA,"P.O. Box 363, 3687 Tempus Ave",41106,189,"[{""menuId"":89,""quantity"":8},{""menuId"":306,""quantity"":5}]",,,,,2,,,[],,,,99,Received,10435,2021-05-19T03:46:32.000Z
190,2020-10-16T09:19:25.000Z,60,2021-02-25T15:26:08.000Z,Bangkok,133,37,Victoria,Ap #892-9807 Sit Rd.,66194,190,"[{""menuId"":90,""quantity"":5},{""menuId"":482,""quantity"":8}]",,,,,20,,,[],,,,83,Delivered,3750,2021-01-02T21:48:18.000Z
191,2021-04-28T14:12:48.000Z,72,2021-05-16T20:34:35.000Z,Bangkok,108,15,Kent,576-7611 Nam Rd.,725085,191,"[{""menuId"":91,""quantity"":2},{""menuId"":479,""quantity"":7}]",,,,,6,,,[],,,,63,Received,4831,2020-11-29T00:33:05.000Z
192,2021-06-17T09:12:31.000Z,79,2020-10-18T09:15:57.000Z,Bangkok,80,40,AB,"P.O. Box 447, 6007 Sem. Ave",3304,192,"[{""menuId"":92,""quantity"":3},{""menuId"":448,""quantity"":6}]",,,,,20,,,[],,,,74,In Progress,3753,2020-12-08T08:19:38.000Z
193,2020-10-28T04:54:42.000Z,67,2020-12-06T04:12:02.000Z,Bangkok,224,18,AK,408-9041 Mauris Avenue,8587 UU,193,"[{""menuId"":93,""quantity"":8},{""menuId"":458,""quantity"":10}]",,,,,8,,,[],,,,60,In Progress,11338,2021-07-08T02:09:59.000Z
194,2021-05-01T03:20:55.000Z,16,2021-08-14T18:32:22.000Z,Bangkok,114,61,East Java,Ap #110-4995 Magna St.,969486,194,"[{""menuId"":94,""quantity"":9},{""menuId"":431,""quantity"":2}]",,,,,11,,,[],,,,18,Delivered,2720,2021-05-16T01:37:04.000Z
195,2020-12-21T15:36:22.000Z,91,2021-06-30T19:27:23.000Z,Bangkok,222,9,Gye,341-1933 Felis Avenue,106725,195,"[{""menuId"":95,""quantity"":2},{""menuId"":359,""quantity"":3}]",,,,,5,,,[],,,,11,Delivered,2366,2020-10-10T22:11:14.000Z
196,2021-06-14T15:52:08.000Z,35,2020-12-15T09:40:06.000Z,Bangkok,546,4,Minas Gerais,922-595 Arcu. Rd.,71515,196,"[{""menuId"":96,""quantity"":4},{""menuId"":369,""quantity"":10}]",,,,,6,,,[],,,,76,Received,8026,2020-12-04T12:26:47.000Z
197,2020-09-17T04:55:08.000Z,20,2021-04-14T08:03:11.000Z,Bangkok,734,11,RI,"5673 Sapien, Street",98740,197,"[{""menuId"":97,""quantity"":7},{""menuId"":390,""quantity"":6}]",,,,,2,,,[],,,,87,Received,6722,2020-11-28T12:01:46.000Z
198,2020-12-23T19:25:24.000Z,67,2020-11-24T09:54:27.000Z,Bangkok,496,1,Saskatchewan,1864 Rutrum. Street,73432-706,198,"[{""menuId"":98,""quantity"":3},{""menuId"":351,""quantity"":9}]",,,,,13,,,[],,,,73,Received,8256,2020-10-30T17:51:25.000Z
199,2021-04-13T14:17:07.000Z,83,2021-05-21T13:41:40.000Z,Bangkok,387,48,Madrid,Ap #463-6129 Donec Av.,27935,199,"[{""menuId"":99,""quantity"":1},{""menuId"":405,""quantity"":10}]",,,,,18,,,[],,,,6,Delivered,6141,2020-11-04T13:36:50.000Z
200,2020-12-11T14:43:58.000Z,13,2020-09-29T05:10:06.000Z,Bangkok,819,14,AB,Ap #770-3826 Ac St.,H98 4AX,200,"[{""menuId"":100,""quantity"":1},{""menuId"":459,""quantity"":5}]",,,,,4,,,[],,,,74,Delivered,1058,2021-08-22T13:44:05.000Z
201,2021-05-02T14:47:32.000Z,76,2020-12-05T18:19:00.000Z,Bangkok,223,33,PK,171-4311 Mi Ave,514372,201,"[{""menuId"":57,""quantity"":6},{""menuId"":223,""quantity"":8}]",,,,,18,,,[],,,,68,Delivered,10672,2021-06-10T18:21:17.000Z
202,2021-02-14T02:03:27.000Z,60,2021-02-14T00:50:42.000Z,Bangkok,388,7,LA,Ap #269-7577 In Ave,16-821,202,"[{""menuId"":9,""quantity"":9},{""menuId"":241,""quantity"":4}]",,,,,11,,,[],,,,95,In Progress,9719,2021-04-18T00:02:14.000Z
203,2020-12-02T10:43:36.000Z,53,2021-05-06T19:30:09.000Z,Bangkok,691,56,New South Wales,"P.O. Box 597, 7116 Id St.",358350,203,"[{""menuId"":14,""quantity"":5},{""menuId"":303,""quantity"":8}]",,,,,18,,,[],,,,19,In Progress,12202,2020-11-18T03:46:22.000Z
204,2021-04-21T07:47:19.000Z,4,2021-06-18T21:00:12.000Z,Bangkok,518,38,Västra Götalands län,"P.O. Box 377, 684 Donec Rd.",7938,204,"[{""menuId"":14,""quantity"":4},{""menuId"":230,""quantity"":10}]",,,,,7,,,[],,,,8,Delivered,12288,2021-07-07T21:20:44.000Z
205,2021-09-07T10:51:22.000Z,15,2021-06-07T06:49:07.000Z,Bangkok,278,3,TAS,"P.O. Box 930, 2053 Tellus Av.",495998,205,"[{""menuId"":20,""quantity"":8},{""menuId"":281,""quantity"":5}]",,,,,19,,,[],,,,93,In Progress,8227,2021-01-11T18:36:57.000Z
206,2021-03-11T11:25:09.000Z,91,2021-01-19T18:13:50.000Z,Bangkok,819,14,AB,Ap #770-3826 Ac St.,H98 4AX,206,"[{""menuId"":99,""quantity"":5},{""menuId"":408,""quantity"":1}]",,,,,2,,,[],,,,98,In Progress,983,2021-09-08T02:43:40.000Z
207,2020-11-20T14:29:27.000Z,41,2021-08-09T00:22:48.000Z,Bangkok,699,63,ANT,973-8635 Sed Road,24914,207,"[{""menuId"":94,""quantity"":2},{""menuId"":320,""quantity"":9}]",,,,,18,,,[],,,,85,Received,2991,2021-06-17T13:52:49.000Z
208,2020-11-05T07:05:05.000Z,42,2020-11-11T13:13:28.000Z,Bangkok,738,53,Wie,"P.O. Box 213, 2256 Aliquam Rd.",495021,208,"[{""menuId"":20,""quantity"":3},{""menuId"":261,""quantity"":5}]",,,,,6,,,[],,,,87,In Progress,2452,2020-09-24T20:49:17.000Z
209,2021-06-27T01:48:16.000Z,9,2021-01-23T18:40:07.000Z,Bangkok,830,62,Oyo,1816 Habitant St.,2755,209,"[{""menuId"":42,""quantity"":7},{""menuId"":488,""quantity"":2}]",,,,,14,,,[],,,,12,Received,3432,2020-10-06T14:58:17.000Z
210,2021-06-03T02:31:06.000Z,42,2021-07-24T18:28:14.000Z,Bangkok,390,39,Wielkopolskie,"P.O. Box 339, 2676 Euismod St.",56979,210,"[{""menuId"":35,""quantity"":3},{""menuId"":490,""quantity"":8}]",,,,,19,,,[],,,,43,Delivered,4154,2020-10-28T06:03:04.000Z
211,2021-07-11T18:23:00.000Z,45,2021-04-12T01:55:58.000Z,Bangkok,133,37,Victoria,Ap #892-9807 Sit Rd.,66194,211,"[{""menuId"":7,""quantity"":2},{""menuId"":498,""quantity"":8}]",,,,,18,,,[],,,,25,Received,8134,2021-07-17T14:58:11.000Z
212,2021-04-28T17:17:34.000Z,54,2020-11-07T07:20:58.000Z,Bangkok,336,52,Rio de Janeiro,Ap #581-3556 Ullamcorper Street,66030,212,"[{""menuId"":17,""quantity"":10},{""menuId"":449,""quantity"":4}]",,,,,18,,,[],,,,29,Received,6800,2021-04-15T09:21:24.000Z
213,2020-11-13T19:31:15.000Z,75,2021-05-01T11:33:48.000Z,Bangkok,106,23,Manisa,1669 Non St.,28392,213,"[{""menuId"":29,""quantity"":8},{""menuId"":408,""quantity"":5}]",,,,,9,,,[],,,,19,Received,3958,2021-02-07T12:23:18.000Z
214,2021-08-17T05:45:09.000Z,16,2020-11-12T06:28:44.000Z,Bangkok,492,46,Midi-Pyrénées,Ap #657-1087 At Rd.,143229,214,"[{""menuId"":84,""quantity"":7},{""menuId"":350,""quantity"":2}]",,,,,10,,,[],,,,6,In Progress,2135,2020-11-24T04:16:21.000Z
215,2021-03-27T02:22:18.000Z,49,2020-12-06T11:38:00.000Z,Bangkok,387,48,Madrid,Ap #463-6129 Donec Av.,27935,215,"[{""menuId"":11,""quantity"":6},{""menuId"":363,""quantity"":2}]",,,,,1,,,[],,,,29,Delivered,3332,2020-11-25T02:47:08.000Z
216,2020-11-07T18:57:20.000Z,32,2021-05-25T21:15:26.000Z,Bangkok,133,37,Victoria,Ap #892-9807 Sit Rd.,66194,216,"[{""menuId"":16,""quantity"":3},{""menuId"":213,""quantity"":6}]",,,,,13,,,[],,,,1,In Progress,2415,2021-01-14T14:40:38.000Z
217,2020-10-16T02:06:46.000Z,7,2020-10-01T00:39:31.000Z,Bangkok,894,13,SO,"P.O. Box 665, 5475 Interdum. St.",19048,217,"[{""menuId"":59,""quantity"":8},{""menuId"":278,""quantity"":8}]",,,,,19,,,[],,,,3,Received,10200,2021-08-01T08:45:35.000Z
218,2020-09-17T18:45:39.000Z,40,2020-10-13T00:56:21.000Z,Bangkok,691,56,New South Wales,"P.O. Box 597, 7116 Id St.",358350,218,"[{""menuId"":89,""quantity"":7},{""menuId"":385,""quantity"":10}]",,,,,14,,,[],,,,95,In Progress,14275,2021-03-01T20:48:47.000Z
219,2021-01-28T12:44:47.000Z,12,2021-06-14T07:35:12.000Z,Bangkok,804,12,Nord-Pas-de-Calais,6233 Suspendisse St.,143351,219,"[{""menuId"":9,""quantity"":2},{""menuId"":291,""quantity"":9}]",,,,,15,,,[],,,,57,Received,8451,2021-04-24T10:40:54.000Z
220,2021-05-23T23:45:50.000Z,34,2021-02-22T14:24:53.000Z,Bangkok,894,13,SO,"P.O. Box 665, 5475 Interdum. St.",19048,220,"[{""menuId"":91,""quantity"":6},{""menuId"":415,""quantity"":3}]",,,,,11,,,[],,,,30,Delivered,6135,2021-06-09T23:32:46.000Z
221,2021-05-27T12:19:51.000Z,62,2021-03-31T15:06:37.000Z,Bangkok,546,4,Minas Gerais,922-595 Arcu. Rd.,71515,221,"[{""menuId"":77,""quantity"":9},{""menuId"":408,""quantity"":10}]",,,,,17,,,[],,,,21,Received,5705,2021-08-23T09:24:47.000Z
222,2021-02-04T04:53:29.000Z,44,2021-06-12T17:05:13.000Z,Bangkok,955,30,Sindh,731-4317 Magna. Avenue,03372,222,"[{""menuId"":90,""quantity"":9},{""menuId"":349,""quantity"":8}]",,,,,15,,,[],,,,95,In Progress,6494,2020-11-01T00:02:17.000Z
223,2021-01-21T12:09:58.000Z,89,2021-08-09T07:33:01.000Z,Bangkok,492,46,Midi-Pyrénées,Ap #657-1087 At Rd.,143229,223,"[{""menuId"":66,""quantity"":9},{""menuId"":379,""quantity"":5}]",,,,,14,,,[],,,,30,Received,9572,2021-04-14T03:53:33.000Z
224,2021-07-03T08:45:46.000Z,38,2021-01-30T03:38:58.000Z,Bangkok,219,64,Saarland,318-3243 Quam. Ave,78131,224,"[{""menuId"":50,""quantity"":6},{""menuId"":318,""quantity"":10}]",,,,,12,,,[],,,,50,Received,12016,2021-04-18T21:06:14.000Z
225,2021-07-20T11:52:15.000Z,40,2021-05-20T16:08:48.000Z,Bangkok,659,68,Manitoba,Ap #171-8877 Nunc Av.,06743,225,"[{""menuId"":17,""quantity"":4},{""menuId"":473,""quantity"":1}]",,,,,4,,,[],,,,73,In Progress,1732,2020-10-24T09:50:25.000Z
226,2021-03-14T22:18:24.000Z,71,2021-02-21T18:08:48.000Z,Bangkok,176,17,W,"P.O. Box 294, 2275 Sapien. Road",28-710,226,"[{""menuId"":70,""quantity"":4},{""menuId"":265,""quantity"":3}]",,,,,1,,,[],,,,21,Delivered,2023,2021-05-26T16:09:22.000Z
227,2020-09-15T15:08:49.000Z,71,2021-01-12T17:15:01.000Z,Bangkok,222,9,Gye,341-1933 Felis Avenue,106725,227,"[{""menuId"":5,""quantity"":4},{""menuId"":401,""quantity"":8}]",,,,,17,,,[],,,,7,In Progress,2440,2021-02-07T13:13:10.000Z
228,2021-08-31T17:42:40.000Z,27,2021-08-23T02:27:21.000Z,Bangkok,176,17,W,"P.O. Box 294, 2275 Sapien. Road",28-710,228,"[{""menuId"":7,""quantity"":2},{""menuId"":317,""quantity"":9}]",,,,,10,,,[],,,,54,In Progress,10473,2021-07-16T00:17:20.000Z
229,2020-11-14T06:20:42.000Z,20,2020-12-16T14:44:10.000Z,Bangkok,955,30,Sindh,731-4317 Magna. Avenue,03372,229,"[{""menuId"":36,""quantity"":9},{""menuId"":349,""quantity"":9}]",,,,,1,,,[],,,,59,Delivered,13455,2021-08-02T06:36:40.000Z
230,2020-12-24T11:08:35.000Z,39,2021-07-17T14:19:42.000Z,Bangkok,525,58,San José,"7551 Egestas, Rd.",26961,230,"[{""menuId"":42,""quantity"":5},{""menuId"":284,""quantity"":6}]",,,,,17,,,[],,,,41,Delivered,4184,2021-08-30T20:43:35.000Z
231,2020-10-19T23:10:59.000Z,8,2020-10-28T12:13:57.000Z,Bangkok,894,13,SO,"P.O. Box 665, 5475 Interdum. St.",19048,231,"[{""menuId"":89,""quantity"":4},{""menuId"":403,""quantity"":5}]",,,,,6,,,[],,,,43,In Progress,4475,2020-11-24T02:54:07.000Z
232,2021-03-02T18:29:26.000Z,9,2021-08-21T10:10:13.000Z,Bangkok,387,48,Madrid,Ap #463-6129 Donec Av.,27935,232,"[{""menuId"":60,""quantity"":5},{""menuId"":475,""quantity"":2}]",,,,,17,,,[],,,,36,In Progress,1592,2021-03-01T16:29:41.000Z
233,2021-07-06T15:42:25.000Z,52,2020-10-20T23:10:47.000Z,Bangkok,401,60,Stockholms län,"P.O. Box 827, 1136 Felis. Av.",74-506,233,"[{""menuId"":31,""quantity"":3},{""menuId"":333,""quantity"":3}]",,,,,1,,,[],,,,5,In Progress,3783,2021-06-04T15:55:41.000Z
234,2021-04-26T10:34:28.000Z,96,2021-08-02T16:39:53.000Z,Bangkok,734,11,RI,"5673 Sapien, Street",98740,234,"[{""menuId"":35,""quantity"":3},{""menuId"":415,""quantity"":2}]",,,,,12,,,[],,,,13,Received,2284,2021-07-05T09:58:31.000Z
235,2021-05-06T16:12:38.000Z,76,2021-02-22T19:37:18.000Z,Bangkok,416,24,NI,2382 Leo. Road,98800,235,"[{""menuId"":20,""quantity"":10},{""menuId"":445,""quantity"":4}]",,,,,4,,,[],,,,64,In Progress,9946,2021-01-10T12:03:46.000Z
236,2021-03-24T02:40:56.000Z,91,2021-06-16T04:42:58.000Z,Bangkok,496,1,Saskatchewan,1864 Rutrum. Street,73432-706,236,"[{""menuId"":71,""quantity"":5},{""menuId"":440,""quantity"":6}]",,,,,12,,,[],,,,58,Delivered,8021,2020-10-17T11:20:48.000Z
237,2021-04-06T09:53:34.000Z,47,2020-12-08T17:42:49.000Z,Bangkok,993,8,Georgia,481-1605 Pellentesque Rd.,237016,237,"[{""menuId"":91,""quantity"":8},{""menuId"":374,""quantity"":3}]",,,,,1,,,[],,,,37,Received,7305,2021-03-21T07:02:38.000Z
238,2020-10-22T08:31:23.000Z,56,2021-05-10T08:04:26.000Z,Bangkok,242,51,Bolívar,9746 Erat Street,9356,238,"[{""menuId"":64,""quantity"":3},{""menuId"":461,""quantity"":5}]",,,,,11,,,[],,,,91,Delivered,2901,2021-03-20T23:55:57.000Z
239,2020-10-11T06:43:48.000Z,28,2020-11-29T07:55:45.000Z,Bangkok,222,9,Gye,341-1933 Felis Avenue,106725,239,"[{""menuId"":3,""quantity"":5},{""menuId"":319,""quantity"":3}]",,,,,9,,,[],,,,9,Received,4046,2021-05-30T00:59:09.000Z
240,2021-08-13T20:50:55.000Z,69,2021-08-20T01:25:19.000Z,Bangkok,934,28,Wiltshire,109-2313 Sed Road,BS9L 2YQ,240,"[{""menuId"":19,""quantity"":6},{""menuId"":488,""quantity"":5}]",,,,,19,,,[],,,,20,Received,5645,2021-07-28T06:18:51.000Z
241,2020-11-18T02:11:21.000Z,86,2020-09-12T13:32:59.000Z,Bangkok,79,22,AST,"P.O. Box 274, 6434 Habitant Avenue",48118-081,241,"[{""menuId"":70,""quantity"":10},{""menuId"":391,""quantity"":6}]",,,,,7,,,[],,,,13,Received,3526,2021-09-06T20:16:49.000Z
242,2021-07-26T07:46:23.000Z,46,2021-08-01T19:47:14.000Z,Bangkok,101,67,VIC,Ap #160-3569 In St.,5576,242,"[{""menuId"":42,""quantity"":6},{""menuId"":299,""quantity"":10}]",,,,,16,,,[],,,,2,Delivered,7296,2021-06-28T13:09:20.000Z
243,2020-12-08T01:29:07.000Z,62,2021-03-14T06:32:53.000Z,Bangkok,492,46,Midi-Pyrénées,Ap #657-1087 At Rd.,143229,243,"[{""menuId"":5,""quantity"":4},{""menuId"":433,""quantity"":4}]",,,,,6,,,[],,,,27,In Progress,2176,2021-01-15T22:06:18.000Z
244,2021-05-08T04:06:34.000Z,63,2021-07-08T15:08:23.000Z,Bangkok,934,28,Wiltshire,109-2313 Sed Road,BS9L 2YQ,244,"[{""menuId"":25,""quantity"":10},{""menuId"":323,""quantity"":10}]",,,,,5,,,[],,,,90,Delivered,11720,2020-10-04T12:26:50.000Z
245,2021-06-24T01:10:09.000Z,80,2020-09-18T18:16:11.000Z,Bangkok,155,55,Noord Brabant,Ap #383-9931 Tincidunt Rd.,67077-66043,245,"[{""menuId"":53,""quantity"":3},{""menuId"":426,""quantity"":10}]",,,,,3,,,[],,,,26,In Progress,5879,2021-03-27T14:48:14.000Z
246,2020-12-12T16:16:44.000Z,27,2020-10-12T03:36:38.000Z,Bangkok,125,50,Mazowieckie,463-1310 Facilisis Rd.,41252-83023,246,"[{""menuId"":55,""quantity"":6},{""menuId"":256,""quantity"":3}]",,,,,4,,,[],,,,32,Received,6372,2021-04-05T10:08:55.000Z
247,2021-07-01T06:54:11.000Z,43,2021-07-17T11:40:31.000Z,Bangkok,61,25,ULY,Ap #148-5889 Fermentum Av.,704323,247,"[{""menuId"":23,""quantity"":7},{""menuId"":266,""quantity"":8}]",,,,,15,,,[],,,,97,Delivered,12504,2021-03-30T13:29:23.000Z
248,2021-06-27T22:47:45.000Z,84,2020-10-14T16:58:55.000Z,Bangkok,125,50,Mazowieckie,463-1310 Facilisis Rd.,41252-83023,248,"[{""menuId"":90,""quantity"":5},{""menuId"":263,""quantity"":6}]",,,,,11,,,[],,,,71,Received,2580,2021-09-02T14:17:15.000Z
249,2020-10-30T02:12:02.000Z,88,2021-07-05T18:01:28.000Z,Bangkok,224,18,AK,408-9041 Mauris Avenue,8587 UU,249,"[{""menuId"":41,""quantity"":6},{""menuId"":252,""quantity"":1}]",,,,,7,,,[],,,,16,Delivered,2005,2021-08-05T16:13:47.000Z
250,2021-07-31T23:46:21.000Z,32,2021-04-04T19:27:17.000Z,Bangkok,416,24,NI,2382 Leo. Road,98800,250,"[{""menuId"":59,""quantity"":10},{""menuId"":413,""quantity"":8}]",,,,,3,,,[],,,,4,In Progress,14336,2020-11-19T19:27:37.000Z
251,2021-06-11T03:23:16.000Z,6,2021-07-24T01:20:30.000Z,Bangkok,546,4,Minas Gerais,922-595 Arcu. Rd.,71515,251,"[{""menuId"":77,""quantity"":7},{""menuId"":206,""quantity"":6}]",,,,,19,,,[],,,,83,In Progress,7849,2021-08-04T08:37:06.000Z
252,2021-05-16T02:13:20.000Z,40,2021-08-23T22:02:26.000Z,Bangkok,195,29,New South Wales,8226 Nullam Street,06223-025,252,"[{""menuId"":25,""quantity"":8},{""menuId"":303,""quantity"":9}]",,,,,13,,,[],,,,1,Delivered,11511,2021-08-15T06:31:29.000Z
253,2021-02-19T13:30:06.000Z,60,2020-12-05T17:12:57.000Z,Bangkok,114,61,East Java,Ap #110-4995 Magna St.,969486,253,"[{""menuId"":15,""quantity"":6},{""menuId"":290,""quantity"":5}]",,,,,15,,,[],,,,6,Received,10109,2021-02-23T13:00:40.000Z
254,2021-09-03T10:01:19.000Z,100,2021-01-25T08:09:22.000Z,Bangkok,546,4,Minas Gerais,922-595 Arcu. Rd.,71515,254,"[{""menuId"":22,""quantity"":7},{""menuId"":386,""quantity"":4}]",,,,,12,,,[],,,,14,Delivered,8310,2021-05-17T00:21:45.000Z
255,2020-11-11T21:45:48.000Z,18,2021-09-04T16:27:07.000Z,Bangkok,829,36,Luxemburg,Ap #637-6634 Per St.,1036,255,"[{""menuId"":67,""quantity"":3},{""menuId"":398,""quantity"":4}]",,,,,3,,,[],,,,20,Received,5473,2021-05-05T23:23:17.000Z
256,2020-09-17T19:41:45.000Z,86,2021-04-15T19:35:28.000Z,Bangkok,801,5,Yukon,"Ap #636-7151 Ut, Avenue",426059,256,"[{""menuId"":20,""quantity"":8},{""menuId"":406,""quantity"":3}]",,,,,6,,,[],,,,40,Delivered,8015,2020-10-26T17:40:30.000Z
257,2021-04-25T10:42:53.000Z,49,2020-12-02T08:37:20.000Z,Bangkok,349,57,SK,3511 Tempor St.,51817,257,"[{""menuId"":40,""quantity"":2},{""menuId"":291,""quantity"":2}]",,,,,11,,,[],,,,69,Delivered,2992,2021-04-04T11:36:18.000Z
258,2021-02-18T06:49:05.000Z,43,2021-03-11T18:06:15.000Z,Bangkok,32,19,CA,"P.O. Box 363, 3687 Tempus Ave",41106,258,"[{""menuId"":23,""quantity"":5},{""menuId"":380,""quantity"":4}]",,,,,8,,,[],,,,4,Delivered,6120,2021-07-11T07:08:17.000Z
259,2021-05-14T18:02:38.000Z,66,2021-06-20T07:00:00.000Z,Bangkok,401,60,Stockholms län,"P.O. Box 827, 1136 Felis. Av.",74-506,259,"[{""menuId"":63,""quantity"":4},{""menuId"":305,""quantity"":2}]",,,,,13,,,[],,,,22,In Progress,1466,2021-07-20T14:46:15.000Z
260,2020-12-24T05:29:39.000Z,91,2020-12-23T21:21:28.000Z,Bangkok,228,66,Berlin,4103 Leo Street,494230,260,"[{""menuId"":88,""quantity"":7},{""menuId"":231,""quantity"":9}]",,,,,6,,,[],,,,5,In Progress,6140,2021-06-27T20:11:44.000Z
261,2021-01-13T18:13:18.000Z,69,2020-09-11T17:55:59.000Z,Bangkok,734,11,RI,"5673 Sapien, Street",98740,261,"[{""menuId"":35,""quantity"":6},{""menuId"":411,""quantity"":10}]",,,,,15,,,[],,,,92,Received,8010,2021-03-15T11:44:53.000Z
262,2021-03-31T03:07:15.000Z,25,2021-08-31T23:06:58.000Z,Bangkok,592,49,PB,"Ap #335-7534 Urna, Av.",H9X 2W0,262,"[{""menuId"":92,""quantity"":7},{""menuId"":328,""quantity"":8}]",,,,,15,,,[],,,,66,Delivered,3585,2021-06-01T19:41:05.000Z
263,2020-10-16T23:23:44.000Z,60,2021-06-14T03:31:37.000Z,Bangkok,936,65,GO,1744 Laoreet Street,41854,263,"[{""menuId"":38,""quantity"":7},{""menuId"":335,""quantity"":6}]",,,,,19,,,[],,,,82,In Progress,6764,2020-11-01T17:54:10.000Z
264,2021-05-06T04:33:11.000Z,62,2021-02-19T06:08:37.000Z,Bangkok,401,60,Stockholms län,"P.O. Box 827, 1136 Felis. Av.",74-506,264,"[{""menuId"":73,""quantity"":4},{""menuId"":297,""quantity"":9}]",,,,,14,,,[],,,,6,Delivered,10534,2021-07-26T23:51:30.000Z
265,2021-06-22T14:06:53.000Z,21,2020-12-20T09:05:15.000Z,Bangkok,819,14,AB,Ap #770-3826 Ac St.,H98 4AX,265,"[{""menuId"":26,""quantity"":2},{""menuId"":249,""quantity"":4}]",,,,,5,,,[],,,,32,Delivered,2828,2020-12-09T09:39:30.000Z
266,2021-06-19T21:27:01.000Z,22,2020-09-18T12:04:44.000Z,Bangkok,955,30,Sindh,731-4317 Magna. Avenue,03372,266,"[{""menuId"":79,""quantity"":8},{""menuId"":451,""quantity"":6}]",,,,,9,,,[],,,,47,Delivered,6846,2021-06-07T20:38:22.000Z
267,2021-06-08T16:05:30.000Z,49,2020-10-28T10:42:59.000Z,Bangkok,114,61,East Java,Ap #110-4995 Magna St.,969486,267,"[{""menuId"":91,""quantity"":2},{""menuId"":365,""quantity"":5}]",,,,,11,,,[],,,,78,Delivered,5208,2020-10-21T07:08:34.000Z
268,2021-01-25T03:44:50.000Z,21,2020-11-01T00:15:06.000Z,Bangkok,32,19,CA,"P.O. Box 363, 3687 Tempus Ave",41106,268,"[{""menuId"":92,""quantity"":4},{""menuId"":447,""quantity"":9}]",,,,,18,,,[],,,,83,In Progress,4421,2021-08-17T09:03:53.000Z
269,2020-12-30T17:49:51.000Z,24,2021-05-15T13:30:31.000Z,Bangkok,32,19,CA,"P.O. Box 363, 3687 Tempus Ave",41106,269,"[{""menuId"":100,""quantity"":4},{""menuId"":242,""quantity"":4}]",,,,,4,,,[],,,,59,Delivered,3976,2021-02-01T19:27:05.000Z
270,2021-02-08T17:59:15.000Z,91,2021-01-14T06:04:32.000Z,Bangkok,592,49,PB,"Ap #335-7534 Urna, Av.",H9X 2W0,270,"[{""menuId"":47,""quantity"":2},{""menuId"":316,""quantity"":10}]",,,,,4,,,[],,,,33,Received,11320,2020-12-05T11:18:16.000Z
271,2020-12-15T15:11:45.000Z,85,2021-08-19T18:24:46.000Z,Bangkok,492,46,Midi-Pyrénées,Ap #657-1087 At Rd.,143229,271,"[{""menuId"":21,""quantity"":10},{""menuId"":428,""quantity"":9}]",,,,,16,,,[],,,,77,Received,7521,2021-06-24T18:44:22.000Z
272,2020-12-16T16:41:07.000Z,70,2021-04-20T06:19:30.000Z,Bangkok,195,29,New South Wales,8226 Nullam Street,06223-025,272,"[{""menuId"":51,""quantity"":7},{""menuId"":369,""quantity"":9}]",,,,,11,,,[],,,,79,In Progress,11087,2021-07-03T06:59:27.000Z
273,2020-12-16T14:58:53.000Z,86,2021-01-21T04:10:18.000Z,Bangkok,278,3,TAS,"P.O. Box 930, 2053 Tellus Av.",495998,273,"[{""menuId"":19,""quantity"":8},{""menuId"":267,""quantity"":9}]",,,,,19,,,[],,,,22,In Progress,9982,2021-03-17T19:12:32.000Z
274,2020-09-17T05:09:05.000Z,11,2021-08-31T05:39:06.000Z,Bangkok,453,16,RP,733-5508 Enim. Rd.,22855,274,"[{""menuId"":4,""quantity"":6},{""menuId"":374,""quantity"":8}]",,,,,8,,,[],,,,61,Received,10736,2020-09-21T23:56:47.000Z
275,2021-01-21T15:27:33.000Z,77,2020-11-07T19:39:35.000Z,Bangkok,242,51,Bolívar,9746 Erat Street,9356,275,"[{""menuId"":11,""quantity"":8},{""menuId"":449,""quantity"":4}]",,,,,8,,,[],,,,5,Delivered,7504,2021-05-06T08:54:27.000Z
276,2021-08-09T12:43:19.000Z,76,2021-02-24T08:45:05.000Z,Bangkok,738,53,Wie,"P.O. Box 213, 2256 Aliquam Rd.",495021,276,"[{""menuId"":86,""quantity"":3},{""menuId"":202,""quantity"":3}]",,,,,6,,,[],,,,18,Delivered,1242,2020-12-26T19:32:11.000Z
277,2021-08-29T22:53:45.000Z,86,2021-06-03T00:06:13.000Z,Bangkok,223,33,PK,171-4311 Mi Ave,514372,277,"[{""menuId"":35,""quantity"":7},{""menuId"":446,""quantity"":6}]",,,,,5,,,[],,,,90,In Progress,3204,2021-08-08T07:27:22.000Z
278,2021-05-23T17:09:43.000Z,17,2021-06-17T01:24:02.000Z,Bangkok,224,18,AK,408-9041 Mauris Avenue,8587 UU,278,"[{""menuId"":92,""quantity"":10},{""menuId"":381,""quantity"":3}]",,,,,3,,,[],,,,61,Received,2882,2021-06-11T19:48:27.000Z
279,2021-03-20T23:49:52.000Z,88,2020-09-26T17:17:42.000Z,Bangkok,101,67,VIC,Ap #160-3569 In St.,5576,279,"[{""menuId"":47,""quantity"":8},{""menuId"":474,""quantity"":10}]",,,,,2,,,[],,,,7,In Progress,14930,2021-03-24T23:50:53.000Z
280,2020-09-23T12:21:38.000Z,59,2020-11-22T14:23:25.000Z,Bangkok,518,38,Västra Götalands län,"P.O. Box 377, 684 Donec Rd.",7938,280,"[{""menuId"":66,""quantity"":7},{""menuId"":344,""quantity"":4}]",,,,,8,,,[],,,,17,Received,7888,2021-02-13T17:42:22.000Z
281,2021-02-24T06:19:25.000Z,8,2021-04-02T14:16:36.000Z,Bangkok,699,63,ANT,973-8635 Sed Road,24914,281,"[{""menuId"":91,""quantity"":8},{""menuId"":203,""quantity"":9}]",,,,,15,,,[],,,,80,Delivered,9867,2021-06-29T10:33:53.000Z
282,2021-04-06T17:12:58.000Z,89,2021-06-23T02:43:41.000Z,Bangkok,691,56,New South Wales,"P.O. Box 597, 7116 Id St.",358350,282,"[{""menuId"":67,""quantity"":10},{""menuId"":439,""quantity"":1}]",,,,,4,,,[],,,,5,Delivered,7865,2020-11-20T06:07:50.000Z
283,2020-09-18T08:23:17.000Z,45,2021-09-02T22:05:35.000Z,Bangkok,955,30,Sindh,731-4317 Magna. Avenue,03372,283,"[{""menuId"":85,""quantity"":4},{""menuId"":222,""quantity"":7}]",,,,,15,,,[],,,,82,Delivered,5971,2020-11-30T05:22:59.000Z
284,2021-07-14T10:32:51.000Z,91,2020-12-03T20:37:10.000Z,Bangkok,592,49,PB,"Ap #335-7534 Urna, Av.",H9X 2W0,284,"[{""menuId"":70,""quantity"":9},{""menuId"":223,""quantity"":9}]",,,,,8,,,[],,,,43,Delivered,6939,2021-07-11T14:42:59.000Z
285,2021-01-24T06:12:58.000Z,11,2021-08-30T15:40:59.000Z,Bangkok,738,53,Wie,"P.O. Box 213, 2256 Aliquam Rd.",495021,285,"[{""menuId"":71,""quantity"":5},{""menuId"":368,""quantity"":7}]",,,,,6,,,[],,,,50,Delivered,4578,2021-02-20T15:03:12.000Z
286,2021-08-15T16:35:51.000Z,28,2021-07-02T05:31:24.000Z,Bangkok,423,45,MI,"P.O. Box 296, 6294 Pellentesque Rd.",01251,286,"[{""menuId"":18,""quantity"":5},{""menuId"":255,""quantity"":6}]",,,,,2,,,[],,,,29,Received,5868,2021-03-26T10:53:02.000Z
287,2021-04-21T11:08:45.000Z,34,2021-03-28T02:21:49.000Z,Bangkok,423,45,MI,"P.O. Box 296, 6294 Pellentesque Rd.",01251,287,"[{""menuId"":18,""quantity"":3},{""menuId"":305,""quantity"":9}]",,,,,10,,,[],,,,89,In Progress,2565,2021-04-11T18:00:52.000Z
288,2021-01-18T13:58:13.000Z,27,2021-04-09T12:36:40.000Z,Bangkok,176,17,W,"P.O. Box 294, 2275 Sapien. Road",28-710,288,"[{""menuId"":42,""quantity"":5},{""menuId"":422,""quantity"":1}]",,,,,15,,,[],,,,71,In Progress,1388,2021-04-29T07:33:48.000Z
289,2021-07-20T17:52:02.000Z,29,2021-04-14T05:20:36.000Z,Bangkok,934,28,Wiltshire,109-2313 Sed Road,BS9L 2YQ,289,"[{""menuId"":3,""quantity"":7},{""menuId"":307,""quantity"":4}]",,,,,19,,,[],,,,84,Received,4400,2020-10-03T07:32:40.000Z
290,2020-09-12T20:49:13.000Z,79,2021-07-13T16:17:25.000Z,Bangkok,135,54,Maule,"P.O. Box 225, 9913 Quam Avenue",13380,290,"[{""menuId"":21,""quantity"":7},{""menuId"":230,""quantity"":7}]",,,,,8,,,[],,,,49,Delivered,9751,2020-10-22T19:51:30.000Z
291,2021-03-26T16:15:24.000Z,9,2021-08-29T21:49:02.000Z,Bangkok,659,68,Manitoba,Ap #171-8877 Nunc Av.,06743,291,"[{""menuId"":5,""quantity"":8},{""menuId"":281,""quantity"":2}]",,,,,19,,,[],,,,23,Received,4830,2021-08-09T17:42:53.000Z
292,2021-04-09T08:14:24.000Z,28,2020-09-30T21:58:55.000Z,Bangkok,423,45,MI,"P.O. Box 296, 6294 Pellentesque Rd.",01251,292,"[{""menuId"":77,""quantity"":5},{""menuId"":427,""quantity"":5}]",,,,,2,,,[],,,,29,Received,4485,2021-04-13T17:21:04.000Z
293,2020-10-06T22:50:39.000Z,91,2021-06-07T18:01:55.000Z,Bangkok,387,48,Madrid,Ap #463-6129 Donec Av.,27935,293,"[{""menuId"":20,""quantity"":1},{""menuId"":407,""quantity"":8}]",,,,,20,,,[],,,,7,In Progress,5185,2021-01-02T21:46:25.000Z
294,2021-01-30T14:27:13.000Z,100,2021-06-09T10:12:04.000Z,Bangkok,176,17,W,"P.O. Box 294, 2275 Sapien. Road",28-710,294,"[{""menuId"":3,""quantity"":10},{""menuId"":318,""quantity"":10}]",,,,,20,,,[],,,,37,Received,15140,2021-06-03T03:50:46.000Z
295,2021-05-20T00:56:14.000Z,31,2021-05-15T06:11:40.000Z,Bangkok,141,6,Gelderland,"P.O. Box 873, 291 Enim Road",60315,295,"[{""menuId"":92,""quantity"":8},{""menuId"":432,""quantity"":9}]",,,,,17,,,[],,,,11,Delivered,10264,2021-06-19T15:59:49.000Z
296,2020-12-08T21:38:11.000Z,84,2021-09-03T11:38:58.000Z,Bangkok,669,26,Maule,"P.O. Box 251, 2655 Purus Ave",5209,296,"[{""menuId"":12,""quantity"":1},{""menuId"":308,""quantity"":5}]",,,,,14,,,[],,,,71,In Progress,3315,2020-11-23T08:30:26.000Z
297,2021-07-01T20:02:45.000Z,13,2021-06-22T21:27:38.000Z,Bangkok,596,70,NSW,Ap #960-9787 Cras Ave,Z1710,297,"[{""menuId"":91,""quantity"":2},{""menuId"":333,""quantity"":2}]",,,,,6,,,[],,,,73,Received,2938,2021-04-29T14:43:02.000Z
298,2021-03-03T18:54:55.000Z,74,2021-05-29T01:20:49.000Z,Bangkok,223,33,PK,171-4311 Mi Ave,514372,298,"[{""menuId"":4,""quantity"":10},{""menuId"":493,""quantity"":8}]",,,,,11,,,[],,,,76,In Progress,6960,2021-06-27T21:43:09.000Z
299,2021-07-02T09:19:00.000Z,35,2021-07-14T19:42:40.000Z,Bangkok,257,59,DE,1980 Proin Avenue,0634 MT,299,"[{""menuId"":35,""quantity"":7},{""menuId"":402,""quantity"":3}]",,,,,5,,,[],,,,95,In Progress,2436,2021-01-18T21:57:15.000Z
300,2020-11-23T15:20:57.000Z,81,2021-03-25T16:56:52.000Z,Bangkok,936,65,GO,1744 Laoreet Street,41854,300,"[{""menuId"":40,""quantity"":8},{""menuId"":417,""quantity"":4}]",,,,,13,,,[],,,,91,Received,8548,2021-08-27T05:49:34.000Z